codigo,producto,precio
1940,(OFERTA) LA GANEXA alfajor proteico sabor caramelo salado x 2 unid,0.0
1735,"1 - FUARK JOGGER LINE BLACK ""L""",30810.0
1734,"1 - FUARK JOGGER LINE BLACK ""M""",30810.0
1749,"10 - FUARK POLLERA TECH LILA ""M""",23140.0
1748,"10 - FUARK POLLERA TECH LILA ""S""",23140.0
1750,"10 - FUARK POLLERA TECH LILA ""XL""",23140.0
1751,"11 - FUARK CALZA LARGA PRO GYM BLACK ""L""",28600.0
1752,"12 - FUARK CALZA LARGA PRO GYM PETROLEO ""L""",28600.0
1753,"13 - FUARK CALZA LARGA SPORT GREY SPEED ""S""",14300.0
1754,"14 - FUARK CALZA CORTA CORE PINK ""S""",20410.0
1755,"15 - FUARK CALZA CORTA CORE CHOCO ""M""",20410.0
1756,"16 - FUARK SHORT TECH LILA ""M""",23140.0
1758,"17 - FUARK SHORT TECH BLACK ""M""",23140.0
1757,"17 - FUARK SHORT TECH BLACK ""S""",23140.0
1761,"18 - FUARK SHORT SPECIAL BEIGE ""L""",23270.0
1760,"18 - FUARK SHORT SPECIAL BEIGE ""M""",23270.0
1759,"18 - FUARK SHORT SPECIAL BEIGE ""S""",23270.0
1762,"19 - FUARK SHORT OCEAN BLACK ""S""",23270.0
1763,"19 - FUARK SHORT OCEAN BLACK ""XL""",23270.0
1736,"2 - FUARK KIT SPORT LIGHT BLUE CORTO  ""L""",18200.0
1766,"20 - FUARK TOP SPORT ""L""",9165.0
1765,"20 - FUARK TOP SPORT ""M""",9165.0
1764,"20 - FUARK TOP SPORT ""S""",9165.0
1767,"21 - FUARK COLLAR LIFTER ""S""",11310.0
1768,"22 - FUARK HOODIE TRAINHARD BLACK ""M""",15470.0
1769,"22 - FUARK HOODIE TRAINHARD BLACK ""XL""",15470.0
1771,"23 - FUARK PANTALON WINDKIT LINE FULL BLACK ""L""",31915.0
1770,"23 - FUARK PANTALON WINDKIT LINE FULL BLACK ""S""",31915.0
1772,"24 - FUARK SHORT SWIM AQUA ""M""",20410.0
1773,"25 - FUARK SHORT TRAIN HARDER BEIGE ""L""",23270.0
1774,"25 - FUARK SHORT TRAIN HARDER BEIGE ""XL""",23270.0
1775,"26 - FUARK SHORT TRACE GREEN ""L""",23270.0
1776,"26 - FUARK SHORT TRACE GREEN ""XL""",23270.0
1779,"27 - FUARK SHORT TRACE BLACK ""L""",23270.0
1778,"27 - FUARK SHORT TRACE BLACK ""M""",23270.0
1777,"27 - FUARK SHORT TRACE BLACK ""S""",23270.0
1780,"27 - FUARK SHORT TRACE BLACK ""XL""",23270.0
1842,"28 - FUARK REMERA FUARK CLUB MARINA ""L""",15730.0
1841,"28 - FUARK REMERA FUARK CLUB MARINA ""M""",15730.0
1840,"28 - FUARK REMERA FUARK CLUB MARINA ""S""",15730.0
1843,"28 - FUARK REMERA FUARK CLUB MARINA ""XL""",15730.0
1844,"29 - FUARK REMERA FUARK CLUB NEGRA ""M""",15730.0
1737,"3 - FUARK RANGLAN WHITE BORDO ""XXL""",16640.0
1846,"30 - FUARK REMERA V GRIS ""M""",15730.0
1845,"30 - FUARK REMERA V GRIS ""S""",15730.0
1849,"31 - FUARK REMERA V BLANCA ""L""",15730.0
1848,"31 - FUARK REMERA V BLANCA ""M""",15730.0
1847,"31 - FUARK REMERA V BLANCA ""S""",15730.0
1850,"32 - FUARK REMERA TRAIN HARDER NEGRA ""S""",15730.0
1851,"32 - FUARK REMERA TRAIN HARDER NEGRA ""XL""",15730.0
1852,"33 - FUARK REMERA FUARK AESTHETIC BLANCA ""S""",15730.0
1854,"34 - FUARK REMERA TIGRESITOS MARINA ""L""",15470.0
1853,"34 - FUARK REMERA TIGRESITOS MARINA ""M""",15470.0
1857,"35 - FUARK REMERA TIGRESITOS BLANCA ""L""",15470.0
1856,"35 - FUARK REMERA TIGRESITOS BLANCA ""M""",15470.0
1855,"35 - FUARK REMERA TIGRESITOS BLANCA ""S""",15470.0
1858,"35 - FUARK REMERA TIGRESITOS BLANCA ""XL""",15470.0
1859,"36 - FUARK REMERA ESCOTE BLANCO ""L""",15730.0
1860,"37 - FUARK MUSCULOSA 90'S BLANCA ""XL""",15470.0
1861,"38 - FUARK MUSCULOSA 90'S NEGRA ""S""",15470.0
1862,"38 - FUARK MUSCULOSA 90'S NEGRA ""XL""",15470.0
1863,"39 - FUARK MUSCULOSA BLANCA Y NEGRA ""S""",15470.0
1864,"39 - FUARK MUSCULOSA BLANCA Y NEGRA ""XL""",15470.0
1738,"4 - FUARK OVER PREWASH TRAIN ""XXL""",18200.0
1865,"40 - FUARK REMERA LIFTING CLUB ""XL""",15730.0
1867,"41 - FUARK KIT CORTO NEGRO ""L""",18200.0
1866,"41 - FUARK KIT CORTO NEGRO ""M""",18200.0
1869,"42 - FUARK KIT CORTO VERDE ""L""",18200.0
1868,"42 - FUARK KIT CORTO VERDE ""M""",18200.0
1870,"43 - FUARK TOP PERLA ""L""",6630.0
1872,"44 - FUARK SHORT NEGRO CON BOLSILLOS ""M""",17030.0
1871,"44 - FUARK SHORT NEGRO CON BOLSILLOS ""S""",17030.0
1873,"44 - FUARK SHORT NEGRO CON BOLSILLOS ""XL""",17030.0
1875,"45 - FUARK SHORT NEGRO SIN BOLSILLOS ""L""",20280.0
1874,"45 - FUARK SHORT NEGRO SIN BOLSILLOS ""M""",20280.0
1739,"5 - FUARK NFL BLACK ""L""",29380.0
1740,"5 - FUARK NFL BLACK ""XL""",29380.0
1741,"6 - FUARK OVER FGYM ""XXL""",15730.0
1743,"7 - FUARK CHOMBA 4REAL LIGHTBLUE ""L""",24700.0
1742,"7 - FUARK CHOMBA 4REAL LIGHTBLUE ""M""",24700.0
1744,"8 - FUARK CALZA LARGA SPORT SPEED BLACK ""L""",14300.0
1877,"8 - FUARK CALZA LARGA SPORT SPEED BLACK ""M""",14300.0
1876,"8 - FUARK CALZA LARGA SPORT SPEED BLACK ""S""",14300.0
1747,"9 - FUARK POLLERA TECH BLACK ""L""",23140.0
1746,"9 - FUARK POLLERA TECH BLACK ""M""",23140.0
1745,"9 - FUARK POLLERA TECH BLACK ""S""",23140.0
1244,ACCESORIO Agarre doble tipo casita para polea,29080.0
1243,ACCESORIO Agarre estribo para polea metalico,15885.0
1254,ACCESORIO Barra extensible para puerta mir,16860.0
1255,ACCESORIO Barra push up eco mir,8605.0
1250,ACCESORIO Cintas agarre straps para barras,15365.0
1239,ACCESORIO Cinturon de lastre mir,57940.0
1247,ACCESORIO Guantes fitnes mir talle L,18160.0
1246,ACCESORIO Guantes fitnes mir talle m,18160.0
1245,ACCESORIO Guantes fitnes mir talle s,18160.0
1248,ACCESORIO Guantes fitnes mir talle xl,18160.0
1261,ACCESORIO Guantes fitness cuero talle L,15625.0
1260,ACCESORIO Guantes fitness cuero talle m,15625.0
1259,ACCESORIO Guantes fitness cuero talle s,15625.0
1262,ACCESORIO Guantes fitness cuero talle xl,15625.0
1240,ACCESORIO Hand grip mir regulable,5355.0
1256,ACCESORIO Mat de yoga 3 mm mir azul,10360.0
1257,ACCESORIO Mat de yoga 3 mm mir verde,10360.0
1251,ACCESORIO Par de calleras pro mir con muñequera,16860.0
1252,ACCESORIO Par de calleras talle 1,12960.0
1253,ACCESORIO Par de calleras talle 2,12960.0
1258,ACCESORIO Soga de saltar de cable,10230.0
1263,ACCESORIO Soga de saltar plastica eco,2105.0
1241,ACCESORIO Soga para triceps,16340.0
1249,ACCESORIO Straps infinito mir para barra,8280.0
1242,ACCESORIO Tobillera para polea pro cuerina,15560.0
1168,"ACCESORIOS Banda elástica larga reforzada con manijas-1,20 mts-",8085.0
1169,ACCESORIOS Banda elástica redonda,4055.0
1230,ACCESORIOS Banda para dominadas roja,31550.0
1232,ACCESORIOS Bandas para dominadas amarilla,18290.0
1234,ACCESORIOS Bandas para dominadas naranja,10880.0
1233,ACCESORIOS Bandas para dominadas verde,15885.0
1231,ACCESORIOS Bandas para dominadas violeta,25245.0
1148,"ACCESORIOS Barra hueca con topes  -1,20 mts-",16275.0
1238,ACCESORIOS Cinturon de fuerza pro cuerina 12 cm talle L,45590.0
1237,ACCESORIOS Cinturon de fuerza pro cuerina 12 cm talle m,45590.0
1236,ACCESORIOS Cinturon de fuerza pro cuerina 12 cm talle s,45590.0
1154,ACCESORIOS Disco de fundición 1.2 Kg.,5238.0
1150,ACCESORIOS Disco plastico 1kg,1975.0
1151,ACCESORIOS Disco plastico 2.5 kg,3990.0
1152,ACCESORIOS Disco plastico 5 kg,6525.0
1166,ACCESORIOS Disco Twister MIR Nuevo Modelo,14000.0
1229,ACCESORIOS EXPANDER SET 5 BANDAS ELASTICAS MIR,20890.0
1155,ACCESORIOS KETTBELL plastica 6 KG,8540.0
1228,ACCESORIOS KIT X 3 TIRABAND TELA ELASTICA,27000.0
1159,ACCESORIOS Mancuerna plastica a rosca,4380.0
1177,ACCESORIOS mancuerna plastico 1 Kg.,2365.0
1153,ACCESORIOS mancuerna plastico 3 Kg.,6915.0
1226,ACCESORIOS MAT DE YOGA NBR MIR 10 MM GRIS C/PORTA MAT,21540.0
1225,ACCESORIOS MAT DE YOGA NBR MIR 10 MM NEGRA C/PORTA MAT,21540.0
1235,ACCESORIOS Pack x 3 tiraband 1.5 mt (1 de cada tension),19980.0
1227,ACCESORIOS PACK X 3 TIRABAND CIRCULARES (1 DE CADA TENSIÓN),11270.0
1178,ACCESORIOS Par de topes a rosca para mancuerna o barra de 30 mm,6525.0
1165,ACCESORIOS Par de topes tijera para barras de 30mM,2235.0
1167,ACCESORIOS Regaton - tapon,779.0
1149,ACCESORIOS Rueda para abdominales simples MIR,5160.0
1156,ACCESORIOS Soga de saltar de Cable MIR con ruleman y mangos plasticos Ajustables,7370.0
1176,ACCRESORIOS Banda elastica larga eco con manija -1.10-,5875.0
1173,ACCRESORIOS Par de tobillera 1 kg c/u azul,4250.0
1175,ACCRESORIOS Par de tobillera 1 kg c/u negra reforzada,8085.0
1174,ACCRESORIOS Par de tobillera 4 kg c/u lila,20890.0
1164,ACCRESORIOS Tiraband circular MIR color  verde (intensidad liviana),3600.0
1163,ACCRESORIOS Tiraband circular MIR color negra (intensidad alta),4640.0
638,AGE BIOLOGIQUE COLLAGEN HIDROLIZED + AC. HIALURÓNICO + Q10 + VIT C 200 GRS POMELO ROSADO,18457.74
408,AGE BIOLOGIQUE COLLAGEN HIDROLIZED + AC. HIALURÓNICO + Q10 + VIT C 60 CAPS,10469.76
789,AGE BIOLOGIQUE COLLAGEN HIDROLIZED + AC. HIALURÓNICO + TE BLANCO + VIT C DOYPACK X 200 GRS FRUTILLA,17316.6
2001,AKER COLAGENO HIDROLIZADO SIN SABOR 300 GRS,20149.5
1996,AKER PANCAKES PROTEICOS CHOCOLATE 400 GRS,10570.0
1997,AKER PANCAKES PROTEICOS VAINILLA 400 GRS,10570.0
1998,AKER PROTEINA DE HUEVO HIDROLIZADA CHOCOLATE 500 GRS,33715.5
2000,AKER PROTEINA DE HUEVO HIDROLIZADA SIN SABOR 500 GRS,33715.5
1999,AKER PROTEINA DE HUEVO HIDROLIZADA VAINILLA 500 GRS,33715.5
1957,BLACKBULL ESSENTIALS TONGKAT ALI 600 MG X 90 CAPS,0.0
1960,BLACKYAK ANDROGENIC COMPLEX 120 CAPS,0.0
1952,BLACKYAK COENZIMA CoQ10 300MG X 60 CAPS,0.0
1953,BLACKYAK HYALURONIC ACID 200MG X 60 CAPS,0.0
1954,BLACKYAK MAGNESIUM CITRATE 1500MG X 90 CAPS,0.0
1963,BLACKYAK MULTI COLLAGEN PLUS 1300MG 90 CAPS,0.0
1961,BLACKYAK NITRIC OXIDE BOOSTER 90 CAPS,0.0
1962,BLACKYAK TRYPTOPHAN COMPLEX 1500MG 90 CAPS,0.0
1964,BLACKYAK ZMA EXTREME 90 CAPS,0.0
618,BODY ADVANCE CREATINA 150 GRS,9457.44
1687,BODY ADVANCE CREATINA SIN SABOR 300 GRS,16859.1
1144,BODY ADVANCE CREATINE POWER 300 GRS SABOR MULTIFRUTA,9929.63
1143,BODY ADVANCE CREATINE POWER 300 GRS SABOR UVA,9929.63
610,BODY ADVANCE WHEY PROTEIN CHOCOLATE 3 KG,80688.8
606,BODY ADVANCE WHEY PROTEIN CHOCOLATE 910 GR,29471.2
611,BODY ADVANCE WHEY PROTEIN DULCE DE LECHE 3 KG,80688.8
607,BODY ADVANCE WHEY PROTEIN DULCE DE LECHE 910 GR,29471.2
1825,BODY ADVANCE WHEY PROTEIN FRUTOS ROJOS 3 KG,80688.8
1626,BODY ADVANCE WHEY PROTEIN FRUTOS ROJOS 910 GR,29471.2
609,BODY ADVANCE WHEY PROTEIN VAINILLA 3 KG,80688.8
605,BODY ADVANCE WHEY PROTEIN VAINILLA 910 GR,29471.2
540,BSN AMINO X 30 SERVICIOS BLUE RASPBERRY 435 Gr,50943.75
541,BSN AMINO X 30 SERVICIOS FRUIT PUNCH 435 Gr,50943.75
539,BSN AMINO X 30 SERVICIOS GRAPES 435 Gr,50943.75
542,BSN AMINO X 30 SERVICIOS WATERMELON 435 Gr,50943.75
569,BSN Creatine Monohydrate UNFLAVOURED 309 Gr,30459.0
547,"BSN SYNTHA 6 CHOCOLATE 2,91 Lbs",112931.25
551,BSN SYNTHA 6 CHOCOLATE 5 Lbs,138450.0
1731,"BSN SYNTHA 6 CHOCOLATE x 1,4 LBS",68381.25
548,"BSN SYNTHA 6 COOKIES 2,91 Lbs",112931.25
552,BSN SYNTHA 6 COOKIES 5 Lbs,138450.0
1733,"BSN SYNTHA 6 FRUTILLA x 1,4 LBS",68381.25
557,BSN Syntha 6 ISOLATE CHOCOLATE 2 Lbs,118350.0
556,BSN Syntha 6 ISOLATE STRAWBERRY 2 Lbs,118350.0
555,BSN Syntha 6 ISOLATE VAINILLA 2 Lbs,118350.0
546,"BSN SYNTHA 6 STRAWBERRY 2,91 Lbs",112931.25
550,BSN SYNTHA 6 STRAWBERRY 5 Lbs,138450.0
545,"BSN SYNTHA 6 VAINILLA 2,91 Lbs",112931.25
549,BSN SYNTHA 6 VAINILLA 5 Lbs,138450.0
1732,"BSN SYNTHA 6 VAINILLA x 1,4 LBS",68381.25
1983,CELLUCOR BOTELLA C4 NEGRA 950 ML,7590.0
499,CELLUCOR C4 BLUE RAZZ X 390 GRS (50 Servicios),86875.0
500,CELLUCOR C4 FRUIT PUNCH X 390 GRS (50 Servicios),86875.0
1657,CELLUCOR C4 GRAPE X 390 GRS (50 Servicios),86875.0
1655,CELLUCOR C4 MANZANA VERDE X 390 GRS (50 Servicios),86875.0
1656,CELLUCOR C4 NARANJA X 390 GRS (50 Servicios),86875.0
498,CELLUCOR C4 WATERMELON X 390 GRS (50 Servicios),86875.0
1981,CELLUCOR SHAKER C4 AMARILLO 700 ML,15180.0
1980,CELLUCOR SHAKER C4 NEGRO 700 ML,15180.0
1929,COMBO CREA XTRENGHT 250 GRS + PRE WILD GENTECH,0.0
1659,Combo ena whey protein true made 2.05 lbs banana + creatina micronizada sin sabor 300 grs,0.0
1658,Combo ena whey protein true made 2.05 lbs chocolate + creatina micronizada sin sabor 300 grs,0.0
1660,Combo ena whey protein true made 2.05 lbs cookies + creatina micronizada sin sabor 300 grs,0.0
1661,Combo ena whey protein true made 2.05 lbs frutilla + creatina micronizada sin sabor 300 grs,0.0
1662,Combo ena whey protein true made 2.05 lbs vainilla + creatina micronizada sin sabor 300 grs,0.0
1681,Combo gold 100% whey protein chocolate 2 lbs + creatine monohidrato 300 grs,0.0
1682,Combo gold 100% whey protein frutilla 2 lbs + creatine monohidrato 300 grs,0.0
1683,Combo gold 100% whey protein vainilla 2 lbs + creatine monohidrato 300 grs,0.0
1502,combo hoch whey protein 1kg chocolate + creatina 300grs,0.0
1505,combo hoch whey protein 1kg dulce de leche + creatina 300grs,0.0
1504,combo hoch whey protein 1kg frutos rojos + creatina 300grs,0.0
1503,combo hoch whey protein 1kg vainilla + creatina 300grs,0.0
1631,combo max force w.p chocolate + crea pura 250grs,29500.0
1635,combo max force w.p frutilla + crea pura 250grs,29500.0
1633,combo max force w.p vainilla + crea pura 250grs,29500.0
1684,Combo nutremax whey protein 1 kg chocolate sin tacc + creatina micronizada 200 grs sin tacc,0.0
1685,Combo nutremax whey protein 1 kg frutilla sin tacc + creatina micronizada 200 grs sin tacc,0.0
1686,Combo nutremax whey protein 1 kg vainilla sin tacc + creatina micronizada 200 grs sin tacc,0.0
1924,COMBO PROTE HOCH 1KG (CHOCOLATE) + PRE WILD GENTECH,0.0
1926,COMBO PROTE HOCH 1KG (DULCE DE LECHE) + PRE WILD GENTECH,0.0
1925,COMBO PROTE HOCH 1KG (FRUTOS ROJOS) + PRE WILD GENTECH,0.0
1928,COMBO PROTE HOCH 1KG (VAINILLA) + PRE WILD GENTECH,0.0
1664,Combo star nutrition platinum whey protein banana 2 lbs + creatina monohidrato ee.uu 300 grs,0.0
1663,Combo star nutrition platinum whey protein chocolate 2 lbs + creatina monohidrato ee.uu 300 grs,0.0
1666,Combo star nutrition platinum whey protein cookies 2 lbs + creatina monohidrato ee.uu 300 grs,0.0
1665,Combo star nutrition platinum whey protein frutilla 2 lbs + creatina monohidrato ee.uu 300 grs,0.0
1667,Combo star nutrition platinum whey protein vainilla 2 lbs + creatina monohidrato ee.uu 300 grs,0.0
1799,combo w.p max force chocolate + crea 300grs tarro star,0.0
1800,combo w.p max force frutilla + crea 300grs tarro star,0.0
1801,combo w.p max force vainilla + crea 300grs tarro star,0.0
1798,combo w.p platinum star banana + crea pura max force,0.0
1794,combo w.p platinum star chocolate + crea pura max force,0.0
1797,combo w.p platinum star cookies&cream + crea pura max force,0.0
1796,combo w.p platinum star frutilla + crea pura max force,0.0
1795,combo w.p platinum star vainilla + crea pura max force,0.0
1669,Combo xtrenght best whey protein banana 2 lbs + creatine 250 grs,0.0
1668,Combo xtrenght best whey protein chocolate 2 lbs + creatine 250 grs,0.0
1671,Combo xtrenght best whey protein cookies 2 lbs + creatine 250 grs,0.0
1670,Combo xtrenght best whey protein frutilla 2 lbs + creatine 250 grs,0.0
1672,Combo xtrenght best whey protein vainilla 2 lbs + creatine 250 grs,0.0
790,DESCUENTO,0.0
1534,DHEA 100MG X 100 CAPS ULTIMATE NUTRITION,0.0
1465,DHEA MAXX,0.0
1652,DRAGON PHARMA BLACK VIPER 90 CAPS,0.0
1654,DRAGON PHARMA VENOM INFERNO COTTON CANDY X 280 GRS,0.0
1653,DRAGON PHARMA VENOM INFERNO RAINBOW BURST X 280 GRS,0.0
21,ENA SPORT 100% WHEY CHOCOLATE 2 LBS,48943.09
1002,ENA SPORT 100% WHEY FRUTILLA 2 LBS,48943.09
22,ENA SPORT 100% WHEY VAINILLA 2 LBS,48943.09
27,ENA SPORT AMINO 4500 150 TBS,19924.45
32,ENA SPORT BCAA 12:1:1 120 CAPS,11437.86
33,ENA SPORT BCAA 2:1:1 90 CAPS,10613.9
24,ENA SPORT BETA ALANINE 60 TABS,9428.59
721,ENA SPORT CAFEINA 60 CAPS,8416.66
781,ENA SPORT CARBO ENERGY BLUEBERRY 540 GRS,11669.28
50,ENA SPORT CARBO ENERGY FRUIT PUNCH 540 GRS,11669.28
49,ENA SPORT CARNITINA 1500 60 CAPS,10613.9
1702,ENA SPORT CITRATO DE MAGNESIO LEMONADE 192 GRS,13143.41
912,ENA SPORT CITRATO DE MAGNESIO X 60 CAPS,9625.14
780,ENA SPORT COLAGENO SPORT FRUIT PUNCH 413 GRS,22698.72
23,ENA SPORT COLAGENO SPORT NARANJA 407 GRS,22698.72
2009,ENA SPORT CREATINA + COLAGENO SABOR LIMONADA X 321 GRS,23167.56
1716,ENA SPORT CREATINA + ELECTROLITOS B.L 302 GRS,21600.1
1627,ENA SPORT CREATINA + ELECTROLITOS P.L 302 GRS,21600.1
2010,ENA SPORT CREATINA + MAGNESIO SABOR LIMONADA X 225 GRS,21398.59
1823,ENA SPORT CREATINA 1KG,63347.69
1073,ENA SPORT CREATINA MICRONIZADA 150 GRS,14520.11
29,ENA SPORT CREATINA MICRONIZADA FRUIT PUNCH 300 GRS,20965.1
1628,ENA SPORT CREATINA MICRONIZADA NARANJA 342 GRS,20965.1
28,ENA SPORT CREATINA MICRONIZADA SIN SABOR 300 GRS,20965.1
1949,ENA SPORT CREATINA MONODOSIS CAJA X 15 SOBRES,10784.79
1950,ena sport creatina monodosis x 1 sobre,718.99
2012,ENA SPORT ELECTROLITOS BERRIES BOMB DISPLAY X 15 SOBRES,12111.52
2013,ena sport electrolitos berries bomb sobre x 5 grs,807.43
2011,ENA SPORT ELECTROLITOS BERRIES BOMB X 225 GRS,25231.35
2015,ENA SPORT ELECTROLITOS LEMONADE DISPLAY X 15 SOBRES,12111.52
2016,ena sport electrolitos lemonade sobre x 5 grs,807.43
2014,ENA SPORT ELECTROLITOS LEMONADE X 225 GRS,25231.35
38,ENA SPORT ENARGY GEL FRUTILLA 12 SOBRES,0.0
799,ena sport enargy gel frutilla x 32 grs,0.0
1824,ENA SPORT FISH OIL 60 CAPS,21398.59
30,ENA SPORT GLUTAMINA MICRONIZADA 150 GRS,12975.93
1194,ENA SPORT GLUTAMINA MICRONIZADA DOYPACK X 300 GRS,21874.76
46,ENA SPORT HYDROXY MAX BLACK 120 TABS,9789.93
45,ENA SPORT HYDROXY MAX NIGHT 120 TABS,8691.31
1053,ENA SPORT ISOPROT CHOCOLATE MOUSSE 2.05 LBS,83444.05
1052,ENA SPORT ISOPROT VAINILLA CARAMEL 2.05 LBS,83444.05
645,ENA SPORT MULTIVITAMIN 60 TABS,13438.24
34,ENA SPORT MUSCLE MAX 90 TBS,9405.42
39,ENA SPORT NUEVO ENARGY GEL BLACKBERRY 12 SOBRES,15737.89
800,ena sport nuevo enargy gel blackberry x 32 grs,1311.49
2007,ENA SPORT NUEVO ENARGY GEL FRUIT PUNCH 12 SOBRES,15737.89
2008,ena sport nuevo enargy gel fruit punch x 32 grs,1311.49
40,ENA SPORT NUEVO ENARGY GEL VAINILLA 12 SOBRES,15737.89
801,ena sport nuevo enargy gel vainilla x 32 grs,1311.49
37,ENA SPORT NUEVO ENARGY GEL+ CON CAFEINA FRUIT PUNCH 12 SOBRES,20337.2
798,ena sport nuevo enargy gel+ con cafeina fruit punch x 32 grs,1694.77
36,ENA SPORT NUEVO ENARGY GEL+ CON CAFEINA LEMONADE 12 SOBRES,20337.2
797,ena sport nuevo enargy gel+ con cafeina lemonade x 32 grs,1694.77
35,ENA SPORT NUEVO ENARGY GEL+ CON CAFEINA VAINILLA 12 SOBRES,20337.2
796,ena sport nuevo enargy gel+ con cafeina vainilla x 32 grs,1694.77
31,ENA SPORT OXIDO NITRICO 210 GRS,14322.72
1893,ENA SPORT PLANT PROTEIN CHOCOLATE 788 GRS,35261.68
1894,ENA SPORT PLANT PROTEIN VAINILLA 788 GRS,35261.68
25,ENA SPORT PRE WAR FRUIT PUNCH 400 GRS,22094.48
637,ENA SPORT PRE WAR SABOR LEMONADE 400 GRS,22094.48
42,ENA SPORT PROTEIN BAR BANANA 16 UNIDADES,21671.77
803,ena sport protein bar banana x 46 grs,1354.49
43,ENA SPORT PROTEIN BAR CHOCOLATE 16 UNIDADES,21671.77
805,ena sport protein bar chocolate x 46 grs,1354.49
646,ENA SPORT PROTEIN BAR COCO + DDL 16 UNIDADES,21671.77
807,ena sport protein bar coco + ddl x 46 grs,1354.49
41,ENA SPORT PROTEIN BAR FRUTILLA 16 UNIDADES,21671.77
802,ena sport protein bar frutilla x 46 grs,1354.49
600,ENA SPORT RELOAD FRUIT PUNCH 220 GRS,16107.0
26,ENA SPORT RELOAD LEMONADE 220 GRS,16107.0
47,ENA SPORT RIPPED X 60 TABS,8416.66
52,ENA SPORT SHAKER,4121.69
53,ENA SPORT SHAKER PLUS CON COMPARTIMIENTOS,4534.45
775,ENA SPORT SHAKER PREMIUM,17271.0
54,ENA SPORT SHAKER PREMIUM TRUE MADE,17271.0
19,ENA SPORT STARTER PROTEIN CAFE CON LECHE 400 GRS,28123.54
1948,ENA SPORT TRANS-RESVERATROL 250MG 60 CAPS,32602.03
664,ENA SPORT TRUE MADE AMINO FULL 146 GRS,15502.03
909,ENA SPORT TRUE MADE PURE COLLAGEN BLUEBERRY X 349 GRS,24759.62
910,ENA SPORT TRUE MADE PURE COLLAGEN LIMONADA X 363 GRS,24759.62
911,ENA SPORT TRUE MADE PURE COLLAGEN NEUTRO X 345 GRS,24759.62
15,"ENA SPORT ULTRA MASS CHOCOLATE 1,5 KGS",39425.58
17,ENA SPORT ULTRA MASS CHOCOLATE 3 KGS,70952.33
16,"ENA SPORT ULTRA MASS VAINILLA 1,5 KGS",39425.58
18,ENA SPORT ULTRA MASS VAINILLA 3 KGS,70952.33
1473,ena sport whey protein sobre sabor chocolate x25 grs,2690.62
1472,ena sport whey protein sobre sabor vainilla x25 grs,2690.62
1471,ENA SPORT WHEY PROTEIN SOBRES SABOR CHOCOLATE x12 UNIDADES,32287.45
1470,ENA SPORT WHEY PROTEIN SOBRES SABOR VAINILLA x12 UNIDADES,32287.45
6,ENA SPORT WHEY PROTEIN TRUE MADE 1 LB CHOCOLATE,34071.98
8,ENA SPORT WHEY PROTEIN TRUE MADE 1 LB COOKIES,34071.98
9,ENA SPORT WHEY PROTEIN TRUE MADE 1 LB FRUTILLA,34071.98
7,ENA SPORT WHEY PROTEIN TRUE MADE 1 LB VAINILLA,34071.98
5,"ENA SPORT WHEY PROTEIN TRUE MADE BANANA 2,05 LBS",65598.73
1,"ENA SPORT WHEY PROTEIN TRUE MADE CHOCOLATE 2,05 LBS",65598.73
3,"ENA SPORT WHEY PROTEIN TRUE MADE COOKIES 2,05 LBS",65598.73
4,"ENA SPORT WHEY PROTEIN TRUE MADE FRUTILLA 2,05 LBS",65598.73
2,"ENA SPORT WHEY PROTEIN TRUE MADE VAINILLA 2,05 LBS",65598.73
643,ENA SPORT WHEY PROTEIN TRUE MADE WP BIG SIZE 5 LBS CHOCOLATE,154825.34
644,ENA SPORT WHEY PROTEIN TRUE MADE WP BIG SIZE 5 LBS VAINILLA,154825.34
11,ENA SPORT WHEY X-PRO CHOCOLATE 2 LBS,65003.88
12,ENA SPORT WHEY X-PRO VAINILLA 2 LBS,65003.88
680,ENA SPORT ZMA 60 CAPS,9130.76
1987,ENTRENUTS ¡2x1! ACEITE DE COCO VIRGEN 360 CC,6990.0
1986,ENTRENUTS ¡2x1! ACEITE DE COCO VIRGEN 500 CC,7990.0
1995,ENTRENUTS ¡2x1! PASTA DE MANI CON SEMILLAS 375 GR,1990.0
1994,ENTRENUTS ¡2x1! PASTA DE MANI CON STEVIA 375 GR,1890.0
1988,ENTRENUTS ¡3x1! ACEITE DE COCO NEUTRO 200 CC,2490.0
1990,ENTRENUTS ¡3x1! ACEITE DE COCO NEUTRO 360 CC,3990.0
1992,ENTRENUTS ¡3x1! ACEITE DE COCO VIRGEN 200 CC,3990.0
1647,ENTRENUTS ACEITE DE COCO NEUTRO X 200 CC,3380.76
1533,ENTRENUTS ACEITE DE COCO NEUTRO X 360 CC,5194.73
1648,ENTRENUTS ACEITE DE COCO NEUTRO X 500 CC,6696.83
1646,ENTRENUTS ACEITE DE COCO VIRGEN X 200 CC,5614.81
1637,ENTRENUTS ACEITE DE COCO VIRGEN X 360 CC,9471.88
1699,ENTRENUTS ACEITE DE COCO VIRGEN X 500 CC,12450.6
1808,"ENTRENUTS PASTA DE MANI ""PROTEIN"" 375 GRS SABOR COOKIES & CREAM",3527.16
1809,"ENTRENUTS PASTA DE MANI ""PROTEIN"" 375 GRS SABOR SALTED CARAMEL",3527.16
1183,ENTRENUTS PASTA DE MANI 375 GRS CACAO,2518.97
1184,ENTRENUTS PASTA DE MANI 375 GRS COCO,2518.97
1807,ENTRENUTS PASTA DE MANI 375 GRS SAL MARINA,2518.97
1185,ENTRENUTS PASTA DE MANI 375 GRS STEVIA,2518.97
1186,ENTRENUTS PASTA DE MANI CON SEMILLAS 375 GRS,2451.5
1187,ENTRENUTS PASTA DE MANI CROCANTE CON TROZOS DE MANI  375 GRS,2518.97
1147,ENTRENUTS PASTA DE MANI NATURAL 375 GRS,2518.97
686,Envio Alrededores,10000.0
730,Envio Ecommerce,0.0
687,Envio Funes,20000.0
1967,Envío Mercado Libre,0.0
685,Envio Rosario,12000.0
688,Envio San Lorenzo,13000.0
718,Envios Kodear,0.0
986,EUDAPLEN COLAGENO 100% PURO SIN SABOR 250 GRS,24079.65
984,EUDAPLEN COLAGENO BEAUTY SABOR FRUTOS ROJOS 250 GRS,26862.68
985,EUDAPLEN COLAGENO FLEX SABOR NARANJA  250 GRS,25560.94
987,EUDAPLEN MAGNESIO QELATO 50 CAPS VEG,13045.01
1944,EXHIBIDOR GROWSBAR,22158.0
1943,EXHIBIDOR MAX FORCE,22260.0
1532,FOCUS ROOTS BRAIN BOOSTER 60 CAPS,22380.0
1494,FUARK ANORAK TALLE L,37248.0
1493,FUARK ANORAK TALLE M,37248.0
1492,FUARK ANORAK TALLE S,37248.0
1488,FUARK BUZO CROPTOP TALLE L,28288.0
1487,FUARK BUZO CROPTOP TALLE M,28288.0
1486,FUARK BUZO CROPTOP TALLE S,28288.0
1485,FUARK BUZO POLAR TALLE L,37248.0
1484,FUARK BUZO POLAR TALLE M,37248.0
1483,FUARK BUZO POLAR TALLE S,37248.0
1435,FUARK BUZO TALLE L,37248.0
1434,FUARK BUZO TALLE M,37248.0
1433,FUARK BUZO TALLE S,37248.0
1436,FUARK BUZO TALLE XL,37248.0
1498,FUARK CALZA IRON TALLE L,25728.0
1497,FUARK CALZA IRON TALLE M,25728.0
1496,FUARK CALZA IRON TALLE S,25728.0
1598,FUARK CALZA LARGA BORDO TALLE L,35968.0
1597,FUARK CALZA LARGA BORDO TALLE M,35968.0
1596,FUARK CALZA LARGA DARK GREEN TALLE M,35968.0
1595,FUARK CALZA LARGA PINK TALLE M,35968.0
1454,FUARK CALZA ROSA,14208.0
1495,FUARK CALZA TALLE L,25728.0
1453,FUARK CALZA TALLE M,25728.0
1452,FUARK CALZA TALLE S,25728.0
1439,FUARK CAMISA TALLE L,37248.0
1438,FUARK CAMISA TALLE M,37248.0
1437,FUARK CAMISA TALLE S,37248.0
1440,FUARK CAMISA TALLE XL,37248.0
1451,FUARK CATSUIT NEGRO,32128.0
1450,FUARK CATSUIT TALLE L,32128.0
1449,FUARK CATSUIT TALLE M,32128.0
1448,FUARK CATSUIT TALLE S,32128.0
1491,FUARK CONJUNTO BEIGE TALLE L,38528.0
1490,FUARK CONJUNTO BEIGE TALLE M,38528.0
1489,FUARK CONJUNTO BEIGE TALLE S,38528.0
1594,FUARK CONJUNTO LARGO TALLE L,33280.0
1593,FUARK CONJUNTO LARGO TALLE M,33280.0
1592,FUARK GORRITO DE LANA TALLE S,6528.0
1446,FUARK JOGGING TALLE L,33408.0
1445,FUARK JOGGING TALLE M,33408.0
1444,FUARK JOGGING TALLE S,33408.0
1447,FUARK JOGGING TALLE XL,33408.0
1461,FUARK MUSCULOSA MUJER,17408.0
1431,FUARK MUSCULOSA TALLE L,16768.0
1430,FUARK MUSCULOSA TALLE M,16768.0
1429,FUARK MUSCULOSA TALLE S,16768.0
1432,FUARK MUSCULOSA TALLE XL,16768.0
1426,FUARK REMERA TALLE L,18304.0
1425,FUARK REMERA TALLE M,18304.0
1424,FUARK REMERA TALLE S,18304.0
1427,FUARK REMERA TALLE XL,18304.0
1428,FUARK REMERA TALLE XXL,18304.0
1460,FUARK SHORT CALZA MUJER TALLE L,23168.0
1459,FUARK SHORT CALZA MUJER TALLE M,23168.0
1458,FUARK SHORT CALZA MUJER TALLE S,23168.0
1443,FUARK SHORT TALLE L,27008.0
1442,FUARK SHORT TALLE M,27008.0
1441,FUARK SHORT TALLE S,27008.0
1457,FUARK TOP TALLE L,9088.0
1456,FUARK TOP TALLE M,9088.0
1455,FUARK TOP TALLE S,9088.0
1691,FUNGIVERSE ANTI STRESS PULVERIZADO X 30 GRS,38528.0
1328,FUNGIVERSE ANTI STRESS x30 caps,23168.0
1690,FUNGIVERSE ANTI STRESS x60 caps,41088.0
1692,FUNGIVERSE ASHWAGANDHA PULVERIZADO X 30 GRS,38528.0
1337,FUNGIVERSE ASHWAGANDHA x30 caps,23168.0
1541,FUNGIVERSE ASHWAGANDHA x60 caps,41088.0
1338,FUNGIVERSE COLA DE PAVO x30 caps,23168.0
1694,FUNGIVERSE CORDYCEPS PULVERIZADO X 30 GRS,38528.0
1334,FUNGIVERSE CORDYCEPS x30 caps,23168.0
1693,FUNGIVERSE CORDYCEPS x60 caps,41088.0
1332,FUNGIVERSE CREMA TREMELLA x30 cc,25728.0
1341,FUNGIVERSE FEM BALANCE SUBLINGUAL x30 ml,27520.0
1340,FUNGIVERSE FUNGI ZEN SUBLINGUAL x30 ml,27520.0
1336,FUNGIVERSE GINSENG x30 caps,23168.0
1696,FUNGIVERSE GINSENG x60 caps,41088.0
1688,FUNGIVERSE MELENA DE LEON PULVERIZADO X 30 GRS,38528.0
1333,FUNGIVERSE MELENA DE LEON x30 caps,23168.0
1539,FUNGIVERSE MELENA DE LEON x60 caps,41088.0
1331,FUNGIVERSE NEURO ENERGY x30 caps,23168.0
1335,FUNGIVERSE REISHI x30 caps,23168.0
1697,FUNGIVERSE REISHI x60 caps,41088.0
1339,FUNGIVERSE RHODIOLA x30 caps,23168.0
1543,FUNGIVERSE RHODIOLA x60 caps,41088.0
1695,FUNGIVERSE SHITAKE TINTURA MADRE x 50cc,28128.0
1542,FUNGIVERSE TINTURA MADRE ASHWAGANDHA 50ml,28128.0
1327,FUNGIVERSE TINTURA MADRE COLA DE PAVO 50ml,28128.0
1323,FUNGIVERSE TINTURA MADRE CORDYCEPS 50ml,28128.0
1326,FUNGIVERSE TINTURA MADRE HONGO DE SOL 50ml,28128.0
1322,FUNGIVERSE TINTURA MADRE MELENA DE LEON 50ml,28128.0
1325,FUNGIVERSE TINTURA MADRE REISHI 50ml,28128.0
1544,FUNGIVERSE TINTURA MADRE RHODIOLA 50ml,28128.0
1324,FUNGIVERSE TINTURA MADRE TREMELLA 50ml,28128.0
1540,FUNGIVERSE TREMELLA x30 caps,23168.0
93,GENTECH Amino 7600 150 Tabs,26730.72
95,GENTECH Amino 9000 DULCE DE LECHE 160 Tabs,29754.72
96,GENTECH Amino 9000 FRUTILLA 160 Tabs,29754.72
97,GENTECH Bcaa 4000 120 Tabs,11368.8
92,GENTECH Carnitina 90 Caps,13425.12
1941,GENTECH COLAGENO BEBIBLE BLUEBERRY DISPLAY X 30 SOBRES,25218.72
1942,gentech colageno bebible blueberry x 1 sobre,840.62
85,GENTECH Creatina Masticable FRUTILLA 150 Tabs,17416.8
84,GENTECH Creatina Monohidrato 250 grs,20803.68
766,GENTECH Creatina Monohidrato 500 grs,37072.8
109,GENTECH Iron Bar BANANA 20 Unidades,34048.8
817,gentech iron bar banana x 46 grs,1702.44
106,GENTECH Iron Bar CHOCOLATE 20 Unidades,34048.8
814,gentech iron bar chocolate x 46 grs,1702.44
108,GENTECH Iron Bar COCO 20 Unidades,34048.8
816,gentech iron bar coco x 46 grs,1702.44
785,GENTECH Iron Bar Cookies & Cream 20 Unidades,34048.8
821,gentech iron bar cookies and cream x 46 grs,1702.44
784,GENTECH Iron Bar Dulce de Leche 20 Unidades,34048.8
820,gentech iron bar dulce de leche x 46 grs,1702.44
107,GENTECH Iron Bar FRUTILLA 20 Unidades,34048.8
815,gentech iron bar frutilla x 46 grs,1702.44
78,GENTECH Maxi Gain BANANA 1250 grs,22497.12
76,GENTECH Maxi Gain CHOCOLATE 1250 grs,22497.12
80,GENTECH Maxi Gain CHOCOLATE 750 grs,15239.52
77,GENTECH Maxi Gain FRUTILLA 1250 grs,22497.12
81,GENTECH Maxi Gain FRUTILLA 750 grs,15239.52
79,GENTECH Maxi Gain VAINILLA 1250 grs,22497.12
83,GENTECH Maxi Gain VAINILLA 750 grs,15239.52
91,GENTECH Multivitamin NUEVA PRESENTACION 60 Tabs,9252.0
101,GENTECH Nitric oxide 90 Caps,10401.12
1463,GENTECH NUEVAS IRON BAR LEMON COOKIES 12 UNIDADES,20501.28
1179,GENTECH NUEVAS WHEY PROTEIN 7900 908 GR CHOCOLATE,63623.52
1210,GENTECH NUEVAS WHEY PROTEIN 7900 908 GR DULCE DE LECHE,63623.52
1180,GENTECH NUEVAS WHEY PROTEIN 7900 908 GR VAINILLA,63623.52
2017,GENTECH OMEGA 3 EPA & DHA 30 CAPS (NUEVA PRESENTACION),15844.32
1181,GENTECH OMEGA 3 EPA & DHA 60 CAPS,27335.52
1905,GENTECH PLANT BASED SNACK BAR COCO TROPICAL CRUNCH x 10 UNIDADES,9856.8
1907,gentech plant based snack bar coco tropical crunch x 40 grs,985.68
1904,GENTECH PLANT BASED SNACK BAR RHUM BROWNIE CARAMEL x 10 UNIDADES,9856.8
1906,gentech plant based snack bar rhum brownie caramel x 40 grs,985.68
1273,GENTECH PRE-WORKOUT WILD SABOR FRUTOS DEL BOSQUE 400 GRS,26730.72
121,GENTECH Protein Bar Low Carb CHOCO BROWNIE 10 Unidades,24372.0
822,gentech protein bar low carb choco brownie x 45 grs,2437.2
1909,GENTECH Protein Bar Low Carb CHOCO COOKIE CRUNCH 10 Unidades,24372.0
1911,gentech protein bar low carb choco cookie crunch x 45 grs,2437.2
122,GENTECH Protein Bar Low Carb PEANUT BUTTER 10 Unidades,24372.0
823,gentech protein bar low carb penaut butter x 45 grs,2437.2
1908,GENTECH Protein Bar Low Carb PISTACCHIO 10 Unidades,24372.0
1910,gentech protein bar low carb pistacchio x 45 grs,2437.2
882,GENTECH Protein Bar Low Carb RASPBERRY CRUNCH 10 Unidades,24372.0
889,gentech protein bar low carb raspberry crunch x 45 grs,2437.2
123,GENTECH Protein Shake Plant Based CACAO 500 grs,21348.0
86,GENTECH Ripped Max II 60 Caps,9796.32
866,GENTECH SHAKER NEGRO,8344.8
865,GENTECH SHAKER ROSA,8344.8
104,GENTECH TX3 Black cuts - pre workout fat burner 60 Caps,20682.72
67,GENTECH Whey protein - 7900 AFA BANANA 1 Kg,64228.32
63,GENTECH Whey protein - 7900 AFA BANANA 500 grs,35197.92
65,GENTECH Whey protein - 7900 AFA CHOCOLATE 1 Kg,64228.32
61,GENTECH Whey protein - 7900 AFA CHOCOLATE 500 grs,35197.92
66,GENTECH Whey protein - 7900 AFA FRUTILLA 1 Kg,64228.32
62,GENTECH Whey protein - 7900 AFA FRUTILLA 500 grs,35197.92
68,GENTECH Whey protein - 7900 AFA VAINILLA 1 Kg,64228.32
64,GENTECH Whey protein - 7900 AFA VAINILLA 500 grs,35197.92
1162,GENTECH WHEY PROTEIN MONSTER SIZE 3000 GRS CHOCOLATE,194865.12
1161,GENTECH WHEY PROTEIN MONSTER SIZE 3000 GRS VAINILLA,194865.12
1311,GENTECH ZMA RECOVERY X 60 CAPS,8949.6
381,GOLD NUTRITION 100% WHEY PROTEIN CHOCOLATE 2 LBS,66956.19
384,GOLD NUTRITION 100% WHEY PROTEIN CHOCOLATE 5 LBS,160415.56
383,GOLD NUTRITION 100% WHEY PROTEIN FRUTILLA 2 LBS,66956.19
386,GOLD NUTRITION 100% WHEY PROTEIN FRUTILLA 5 LBS,160415.56
382,GOLD NUTRITION 100% WHEY PROTEIN VAINILLA 2 LBS,66956.19
385,GOLD NUTRITION 100% WHEY PROTEIN VAINILLA 5 LBS,160415.56
774,GOLD NUTRITION AMINO ESSENTIAL 240 GRS MANGO,22309.09
398,GOLD NUTRITION AMINO GOLD POMELO 280 GRS,20169.45
403,GOLD NUTRITION B-COMPLEX 60 CAPS,8044.84
395,GOLD NUTRITION BCAA 2000 120 TABLETAS,13750.54
1531,GOLD NUTRITION CREATINE CREAPURE 200 GRS,29869.14
396,GOLD NUTRITION CREATINE MONOHIDRATO 300 GRS,20169.45
399,GOLD NUTRITION HMB 60 CAPS,11325.62
387,GOLD NUTRITION ISO GOLD PROTEIN HIDROLIZED GOURMET MILK CHOCOLATE 2 LBS,83274.49
388,GOLD NUTRITION ISO GOLD PROTEIN HIDROLIZED GOURMET VAINILLA 2 LBS,83274.49
1034,GOLD NUTRITION K2 + D3 VITAMINS X 30 COMP,13750.54
397,GOLD NUTRITION L-GLUTAMINE MICRONIZADA 225 GRS,16603.39
883,GOLD NUTRITION LIPOGOLD ELITE U.C 60 CAPS,14463.75
958,GOLD NUTRITION MAGNESIUM CITRATE 60 CAPS,13037.33
1933,GOLD NUTRITION MAGNESIUM GLYCINATE 60 CAPS,14463.75
394,GOLD NUTRITION MUSCLE MASS GAINER CHOCOLATE 5 LBS,62505.74
393,GOLD NUTRITION MUSCLE MASS GAINER VAINILLA 5 LBS,62505.74
400,GOLD NUTRITION N.O. GOLD NITRIC OXIDE RASPBERRY 195 GRS,20169.45
1934,GOLD NUTRITION NAD 30 CAPS,15890.18
959,GOLD NUTRITION OMEGA 3 - FISH OIL 30 CAPS,25161.94
402,GOLD NUTRITION PRE WORK GOLD 280 GRS,20169.45
682,GOLD NUTRITION SHAKER GOLD NUTRITION COLOR BLANCO 600 CC,4735.53
406,GOLD NUTRITION SHAKER GOLD NUTRITION CON COMPARTIMIENTO BLANCO 600 CC,5605.65
683,GOLD NUTRITION SHAKER GOLD NUTRITION CON COMPARTIMIENTO COLOR NEGRO 600 CC,5605.65
407,GOLD NUTRITION SHAKER GOLD NUTRITION NEGRO 600 CC,4735.53
405,GOLD NUTRITION SHAKER PRO ONE CON RESORTE 500 CC,14463.75
1826,GOLD NUTRITION TESTOGOLD 120 CAPS,26902.18
1805,GOLD NUTRITION VEGETAL PROTEIN ISOLATE CHOCOLATE 2 LBS,31580.85
390,GOLD NUTRITION VEGETAL PROTEIN ISOLATE COCO 2 LBS,31580.85
651,GOLD NUTRITION VEGETAL PROTEIN ISOLATE NEUTRO 2 LBS,31580.85
1806,GOLD NUTRITION VEGETAL PROTEIN ISOLATE VAINILLA 2 LBS,31580.85
1636,GOLD NUTRITION VITAMIN GOLD 30 CAPS,13037.33
392,GOLD NUTRITION WHEY RIPPED CHOCOLATE 2 LBS,72890.12
391,GOLD NUTRITION WHEY RIPPED VAINILLA 2 LBS,72890.12
404,GOLD NUTRITION ZMA x 30 serv 60 CAPSULAS,13037.33
1720,GOOD ENERGY OMEGA 369 x 100 CAPS,0.0
1212,GRANGER NUTRICION CHIA PUDDINGS CACAO Y COCO 300 GRS,9222.45
1213,GRANGER NUTRICION CITRATO DE MAGNESIO 100% PURO 144 GRS,9728.95
1547,GRANGER NUTRICION COLAGENO BEAUTY NARANJA 250 GRS,21501.29
1935,GRANGER NUTRICION COOKIES PROTEICAS 220 GR,6044.99
1708,GRANGER NUTRICION CREATINA 300 GRS,21861.5
1214,GRANGER NUTRICION CUPCAKES PROTEICOS CHOCOLATE 360 GRS,11390.04
1883,GRANGER NUTRICION GELATINA x 150 GRS SABOR DURAZNO,7344.29
1882,GRANGER NUTRICION GELATINA x 150 GRS SABOR FRUTILLA,7344.29
1951,GRANGER NUTRICION KETO CUPCAKES CHOCOLATE 210 GRS,8500.44
1215,GRANGER NUTRICION KETO PANCAKES ALMENDRAS Y COCO SABOR VAINILLA 200 GRS,8500.44
1216,GRANGER NUTRICION LEVADURA NUTRICIONAL 100% PURA 160 GRS,9584.24
1548,GRANGER NUTRICION OMELETTE PROTEICO SABOR JAMON Y QUESO 245 GRS,10016.81
1546,GRANGER NUTRICION OMELETTE PROTEICO SABOR MIX DE VERDURAS 245 GRS,10016.81
1146,GRANGER NUTRICION PANCAKES PROTEICOS CHOCOLATE 400 GRS,11390.04
1966,GRANGER NUTRICION PANCAKES PROTEICOS CHOCOLATE Y AVELLANAS 300 GRS,11390.04
2005,GRANGER NUTRICION PANCAKES PROTEICOS DULCE DE LECHE 300 GRS,11390.04
2004,GRANGER NUTRICION PANCAKES PROTEICOS JALAPEÑO Y LIMON 300 GRS,11390.04
1923,GRANGER NUTRICION PANCAKES PROTEICOS SABOR CAPRESSE 300 GRS,11390.04
1545,GRANGER NUTRICION PANCAKES PROTEICOS SABOR QUESO 300 GRS,11390.04
1145,GRANGER NUTRICION PANCAKES PROTEICOS VAINILLA 400 GRS,11390.04
1217,GRANGER NUTRICION PANCAKES PROTEICOS VEGAN CHOCOLATE 400 GRS,12472.27
1912,GRANGER NUTRICION PROTEINA DE ARVEJA NATURAL 450 GRS,14351.0
1914,GRANGER NUTRICION PROTEINA DE ARVEJA VAINILLA 450 GRS,14351.0
1965,GRANGER NUTRICION PURE DE PAPAS PROTEICO 150 GRS,5033.55
1971,GRANGER NUTRICION PURE DE ZAPALLO PROTEICO 150 GRS,5033.55
9996,growsbar banana x 45 grs,0.0
9997,growsbar chocolate x 45 grs,0.0
9998,growsbar coco x 45 grs,0.0
9999,growsbar frutilla x 45 grs,0.0
887,growsbar low carb x 46 grs cookies & cream,0.0
888,growsbar low carb x 46 grs mani,0.0
1580,GU CHEWS (GOMITAS CON AMINOACIDOS) BLUEBERRY X 12 UNID,103777.15
1581,GU Chews (gomitas con aminoacidos) blueberry x 60 grs,0.0
1582,GU CHEWS (GOMITAS CON AMINOACIDOS) SALTED LIME X 12 UNID,103777.15
1583,GU Chews (gomitas con aminoacidos) salted lime x 60 grs,0.0
1578,GU CHEWS (GOMITAS CON AMINOACIDOS) STRAWBERRY X 12 UNID,103777.15
1579,GU Chews (gomitas con aminoacidos) strawberry x 60 grs,0.0
1566,GU ENERGY GEL ESPRESSO LOVE X 24 UNID,95845.6
1567,GU Energy gel espresso love x 32 grs,0.0
1562,GU ENERGY GEL JET BLACKBERRY X 24 UND,95845.6
1563,GU Energy gel jet blackberry x 32 grs,0.0
1560,GU ENERGY GEL MANDARIN/ORANGE X 24 UNID,95845.6
1561,GU Energy gel mandarin/orange x 32 grs,0.0
1558,GU ENERGY GEL SALTED CARAMEL X 24 UNID,95845.6
1559,GU Energy gel salted caramel x 32 grs,0.0
1638,GU ENERGY GEL TRIBERRY X 24 UNID,95845.6
1642,GU energy gel triberry x 32 grs,0.0
1564,GU ENERGY GEL VAINILLA BEAN X 24 UNID,95845.6
1565,GU Energy gel vainilla bean x 32 grs,0.0
1591,GU Hydration drink tabs orange x 1 unid,0.0
1590,GU HYDRATION DRINK TABS ORANGE X 8 UNID,143434.9
1645,GU Hydration drink tabs strawberry lemonade x 1 unid,0.0
1641,GU HYDRATION DRINK TABS STRAWBERRY LEMONADE X 8 UNID,143434.9
1584,GU LIQUID ENERGY COFFEE X 12 UNID,66763.25
1585,GU Liquid energy coffee x 60 grs,0.0
1586,GU LIQUID ENERGY LEMONADE X 12 UNID,66763.25
1587,GU Liquid energy lemonade x 60 grs,0.0
1640,GU LIQUID ENERGY ORANGE X 12 UNID,66763.25
1643,GU liquid energy orange x 60 grs,0.0
1588,GU LIQUID ENERGY STRAWBERRY BANANA X 12 UNID,66763.25
1589,GU Liquid energy strawberry banana x 60 grs,0.0
1568,GU ROCTANE ENERGY GEL BLUEBERRY X 24 UNID,147400.68
1569,GU Roctane energy gel blueberry x 32 grs,0.0
1570,GU ROCTANE ENERGY GEL CHERRY LIME X 24 UNID,147400.68
1571,GU Roctane energy gel cherry lime x 32 grs,0.0
1711,GU ROCTANE ENERGY GEL CHOCOLATE COCONUT X 24 UNID,147400.68
1712,GU Roctane energy gel chocolate coconut x 32 grs,0.0
1576,GU ROCTANE ENERGY GEL COLD BREW COFFEE X 24 UNID,147400.68
1577,GU Roctane energy gel cold brew coffee x 32 grs,0.0
1572,GU ROCTANE ENERGY GEL LEMONADE X 24 UNID,147400.68
1573,GU Roctane energy gel lemonade x 32 grs,0.0
1639,GU ROCTANE ENERGY GEL SALTED LIME X 24 UNID,147400.68
1644,GU roctane energy gel salted lime x 32 grs,0.0
1574,GU ROCTANE ENERGY GEL STRAWBERRY KIWI X 24 UNID,147400.68
1575,GU Roctane energy gel strawberry kiwi x 32 grs,0.0
132,HOCH SPORT ARGININA POWDER 210 grs,13124.47
133,HOCH SPORT BCAA 2200 100 capsulas,13669.1
875,HOCH SPORT BCAA BEST 3.1.1 + TAURINA 240 grs MULTIFRUTAS,20965.65
876,HOCH SPORT BCAA BEST 3.1.1 + TAURINA 245 grs LIMONADA Y FRUTILLA,20965.65
157,HOCH SPORT BCAA BEST 3.1.1 + TAURINA 245 grs NARANJA,20965.65
134,HOCH SPORT BCAA POWDER INSTANT 225 grs,20200.05
135,HOCH SPORT BETA ALANINA 225 grs,11639.95
163,HOCH SPORT BIOPROT PREMIUM CHOCOLATE 1 Kg,113950.5
162,HOCH SPORT BIOPROT PREMIUM DULCE DE LECHE 1 Kg,113950.5
165,HOCH SPORT BIOPROT PREMIUM FRUTOS ROJOS 1 Kg,113950.5
161,HOCH SPORT BIOPROT PREMIUM VAINILLA 1 Kg,113950.5
1081,HOCH SPORT CAFEINE PLUS X 60 CAPS,11022.18
783,HOCH SPORT CREATINA CELL X 300 GRS FRUTOS ROJOS,18094.65
130,HOCH SPORT CREATINA MICRONIZED 300 grs,20305.73
648,"HOCH SPORT EXTREME MASS 4,5 Kgs CHOCOLATE",72740.63
650,"HOCH SPORT EXTREME MASS 4,5 Kgs FRUTOS ROJOS",72740.63
649,"HOCH SPORT EXTREME MASS 4,5 Kgs VAINILLA",72740.63
150,"HOCH SPORT EXTREME MASS CHOCOLATE 1,5 Kgs",27878.07
149,"HOCH SPORT EXTREME MASS DULCE DE LECHE 1,5 Kgs",27878.07
152,"HOCH SPORT EXTREME MASS FRUTOS ROJOS 1,5 Kgs",27878.07
148,"HOCH SPORT EXTREME MASS VAINILLA 1,5 Kgs",27878.07
765,HOCH SPORT FLASH 5D 320 grs LIMONADA,18872.7
764,HOCH SPORT FLASH 5D 320 grs MULTIFRUTA,18872.7
153,HOCH SPORT FLASH 5D 320 grs NARANJA,18872.7
137,HOCH SPORT ISO ENERGY DRINK 600 grs,10720.29
138,HOCH SPORT ISO ENERGY RECOVERY 600 grs,10801.21
878,HOCH SPORT ISOLATE 100% X 2 LBS CHOCOLATE,123538.38
879,HOCH SPORT ISOLATE 100% X 2 LBS FRUTOS ROJOS,123538.38
877,HOCH SPORT ISOLATE 100% X 2 LBS VAINILLA,123538.38
131,HOCH SPORT L-ARGININA 1500 60 capsulas,10446.42
129,HOCH SPORT L-CARNITINA 1500 60 capsulas,15187.86
128,HOCH SPORT L-GLUTAMINA POWDER 200 grs,17114.31
156,HOCH SPORT LOSS WEIGHT THERMOGENIX (quemador) 120 capsulas,24834.12
1080,HOCH SPORT MAGNESIUM CITRATO X 60 CAPS,9657.48
1082,HOCH SPORT MULTIVITAMIN COMPLEX VITAMINAS Y MINERALES X 60 CAPS,11045.52
154,HOCH SPORT NOX-BLOOD (OXIDO NITRICO) 180 grs,18872.7
160,HOCH SPORT TESTOHIGH 120 capsulas,28951.41
155,HOCH SPORT THERMOGENIX (QUEMADOR CON CAFEINA) 120 capsulas,24256.81
136,HOCH SPORT VITAMINAS B COMPLEX 90 capsulas,8509.07
141,HOCH SPORT WHEY PROTEIN CHOCOLATE 1 Kg,49044.44
894,HOCH SPORT WHEY PROTEIN CHOCOLATE 2 Kg,95170.17
145,HOCH SPORT WHEY PROTEIN CHOCOLATE 3 Kgs,138102.35
140,HOCH SPORT WHEY PROTEIN DULCE DE LECHE 1 Kg,49044.44
142,HOCH SPORT WHEY PROTEIN FRUTOS ROJOS 1 Kg,49044.44
896,HOCH SPORT WHEY PROTEIN FRUTOS ROJOS 2 Kg,95170.17
146,HOCH SPORT WHEY PROTEIN FRUTOS ROJOS 3 Kgs,138102.35
139,HOCH SPORT WHEY PROTEIN VAINILLA 1 Kg,49044.44
897,HOCH SPORT WHEY PROTEIN VAINILLA 2 Kg,95170.17
144,HOCH SPORT WHEY PROTEIN VAINILLA 3 Kgs,138102.35
159,HOCH SPORT ZMA B 120 capsulas,19649.07
431,INDUMENTARIA BUZO FINOS TALLE L,0.0
430,INDUMENTARIA BUZO FINOS TALLE M,0.0
432,INDUMENTARIA BUZO FINOS TALLE XL,0.0
426,INDUMENTARIA BUZO GRUESOS TALLE S,0.0
427,INDUMENTARIA BUZO GRUESOS TALLE XS,0.0
445,INDUMENTARIA GORRA BORDADAS TALLE UNICO,0.0
440,INDUMENTARIA GORRA ESTAMPADAS TALLE UNICO,0.0
444,INDUMENTARIA GORRO DE LANA TALLE UNICO,0.0
437,INDUMENTARIA MUSCULOSA TALLE L,0.0
438,INDUMENTARIA MUSCULOSA TALLE XL,0.0
419,INDUMENTARIA REMERA TALLE L,0.0
418,INDUMENTARIA REMERA TALLE M,0.0
417,INDUMENTARIA REMERA TALLE S,0.0
420,INDUMENTARIA REMERA TALLE XL,0.0
421,INDUMENTARIA REMERA TALLE XXL,0.0
1536,INSANE LABZ Psychotic x35 Serv x215 Grs FRUIT PUNCH,66555.0
1537,INSANE LABZ Psychotic x35 Serv x215 Grs GRAPE,66555.0
1651,INSANE LABZ Psychotic x35 Serv x215 Grs MANGO,66555.0
1538,INSANE LABZ Psychotic x35 Serv x215 Grs WATERMELON,66555.0
1913,Intereses por cobro con tarjeta,0.0
1611,LA GANEXA alfajor proteico sabor caramelo salado x 1 unid,0.0
1610,LA GANEXA ALFAJOR PROTEICO sabor CARAMELO SALADO X 12 UNID,36525.0
1613,LA GANEXA alfajor proteico sabor cookies and cream x 1 unid,0.0
1612,LA GANEXA ALFAJOR PROTEICO sabor COOKIES AND CREAM X 12 UNID,36525.0
1609,LA GANEXA alfajor proteico sabor crema de avellana x 1 unid,0.0
1608,LA GANEXA ALFAJOR PROTEICO sabor CREMA DE AVELLANA X 12 UNID,36525.0
1615,LA GANEXA alfajor proteico sabor leitinho (kinder) x 1 unid,0.0
1614,LA GANEXA ALFAJOR PROTEICO sabor LEITINHO (KINDER) X 12 UNID,36525.0
1607,LA GANEXA alfajor proteico sabor pistacho x 1 unid,0.0
1606,LA GANEXA ALFAJOR PROTEICO sabor PISTACHO X 12 UNID,36525.0
1602,LA GANEXA PASTA DE MANI PREMIUM sabor CARAMELO SALADO 450 GRS,15423.75
1601,LA GANEXA PASTA DE MANI PREMIUM sabor CREMA DE AVELLANA  450 GRS,15423.75
1604,LA GANEXA PASTA DE MANI PREMIUM sabor LEITINHO (KINDER) 450 GRS,15423.75
1600,LA GANEXA PASTA DE MANI PREMIUM sabor PISTACHO Y CHOCOLATE BLANCO 450 GRS,15423.75
1605,LA GANEXA PASTA DE MANI sabor CHOCOLATE CROCANTE 450 GRS,12631.25
1603,LA GANEXA PASTA DE MANI sabor COOKIES AND CREAM 450 GRS,12631.25
905,LANDERFIT CLA 2000 X 120 CAPS,0.0
597,LANDERFIT COLAGENO HIDROLIZADO LEMON LIME (POLVO) 405 GRS,0.0
1802,LANDERFIT COLAGENO HIDROLIZADO NARANJA (POLVO) 405 GRS,0.0
598,LANDERFIT COLAGENO HIDROLIZADO X 180 CAPS,0.0
1629,LANDERFIT CREATINA 1 kg,0.0
593,LANDERFIT CREATINE X 300 GRS,0.0
901,LANDERFIT DHEA 25 MG X 90 TABS,0.0
902,LANDERFIT DHEA 50 MG X 90 TABS,0.0
583,LANDERFIT HYDRO DEFINITION CHOCOLATE 5 LBS,0.0
586,LANDERFIT HYDRO DEFINITION CON STEVIA CHOCOLATE 2 LBS,0.0
1703,LANDERFIT HYDRO DEFINITION PEANUT BUTTER 2 LBS,0.0
584,LANDERFIT HYDRO DEFINITION VAINILLA 5 LBS,0.0
1704,LANDERFIT L-CARNITINA 3000 x500 ML SABOR COLA,0.0
1705,LANDERFIT L-CARNITINA 3000 x500 ML SABOR NARANJA,0.0
900,LANDERFIT LIPO REVOLUTION STIM FREE X 60 CAPS,0.0
899,LANDERFIT LIPO REVOLUTION X 60 CAPS,0.0
1804,LANDERFIT MELATONIN 10 MG X 120 TABS,0.0
1803,LANDERFIT MULTIPHASE (MULTIVITAMINICO) X 90 CAPS,0.0
904,LANDERFIT MUSCLE PUMP X 300 GRS FRUIT PUNCH,0.0
903,LANDERFIT MUSCLE PUMP X 300 GRS KEI LIME ICE,0.0
1706,LANDERFIT OMEGA 3 x 200 SOFTGEL,0.0
578,LANDERFIT PREMIUM WHEY CARAMELO 5 LBS,0.0
570,LANDERFIT PREMIUM WHEY CHOCOLATE 2 LBS,0.0
575,LANDERFIT PREMIUM WHEY CHOCOLATE 5 LBS,0.0
574,LANDERFIT PREMIUM WHEY COOKIES 2 LBS,0.0
579,LANDERFIT PREMIUM WHEY COOKIES 5 LBS,0.0
572,LANDERFIT PREMIUM WHEY VAINILLA 2 LBS,0.0
571,LANDERFIT PREMIUM WHEY VAINILLA 2 LBS,0.0
1831,"LANDERFIT REMERA CON MANGAS ""G""",54270.0
1830,"LANDERFIT REMERA CON MANGAS ""M""",54270.0
1832,"LANDERFIT REMERA CON MANGAS ""XG""",54270.0
1828,"LANDERFIT REMERA SIN MANGAS ""G""",54270.0
1827,"LANDERFIT REMERA SIN MANGAS ""M""",54270.0
1829,"LANDERFIT REMERA SIN MANGAS ""XG""",54270.0
1834,"LANDERFIT REMERA SIN MANGAS CON CAPUCHA ""G""",54270.0
1833,"LANDERFIT REMERA SIN MANGAS CON CAPUCHA ""M""",54270.0
1835,"LANDERFIT REMERA SIN MANGAS CON CAPUCHA ""XG""",54270.0
1048,LANDERFIT TRIBULUS TERRESTRIS X  90 CAPS,0.0
1709,MANIAC EXTREME PRE WORKOUT 300 GRS GREEN APPLE,0.0
1710,MANIAC EXTREME PRE WORKOUT 300 GRS WATERMELON,0.0
703,MAX FORCE BCAA 2:1:1 120 COMP,7239.66
699,MAX FORCE BCAA 8:1:1 280 GRS FRUTILLA,13127.19
698,MAX FORCE BCAA 8:1:1 280 GRS TUTTI-FRUTI,13127.19
700,MAX FORCE BCAA 8:1:1 280 GRS UVA,13127.19
755,MAX FORCE COLAGENO 300 GRS,13428.62
697,MAX FORCE CREATINA 300 GRS TUTTI-FRUTI,8478.75
696,MAX FORCE CREATINA 300 GRS UVA,8478.75
1481,MAX FORCE CREATINA PURA 250 GRS,9324.08
695,MAX FORCE GLUTAMINA 250 grs TUTTI-FRUTI,9329.6
1482,MAX FORCE MAGNESIO CITRATO 150 GRS,5219.64
704,MAX FORCE MULTIVITAMINICO 60 COMP,4791.24
701,MAX FORCE PRE WORK 280 GRS TUTTI-FRUTI,10152.19
702,MAX FORCE PRE WORK 280 GRS UVA,10152.19
705,MAX FORCE RIPPER FORCE 60 COMP,6841.01
1946,MAX FORCE SCOOP 5 GRS,1176.47
1478,MAX FORCE SHAKER FUME 500 ML,6630.0
1879,MAX FORCE SHAKER NUEVO - NEGRO x 600 ML,5119.95
1878,MAX FORCE SHAKER NUEVO - TRANSPARENTE x 600 ML,5119.95
1477,MAX FORCE SHAKER TRANSPARENTE 500 ML,6630.0
692,MAX FORCE WHEY PROTEIN 3 KG CHOCOLATE,69394.18
693,MAX FORCE WHEY PROTEIN 3 KG FRUTILLA,69394.18
694,MAX FORCE WHEY PROTEIN 3 KG VAINILLA,69394.18
2006,MAX FORCE WHEY PROTEIN 3 KG VAINILLA (OFERTA VTO 12/26),0.0
689,MAX FORCE WHEY PROTEIN 910 GR CHOCOLATE,25234.25
690,MAX FORCE WHEY PROTEIN 910 GR FRUTILLA,25234.25
691,MAX FORCE WHEY PROTEIN 910 GR VAINILLA,25234.25
1314,MERVICK COLAGENO SPORT sabor FRUTOS ROJOS 330 GRS,19751.46
1313,MERVICK COLAGENO SPORT sabor NARANJA 330 GRS,19751.46
184,MERVICK CREATINA 300 Grs,22418.78
182,"MERVICK CREATINE Premium (glucosa, creatina, glutamina, taurina) 1 Kgs",22524.0
825,mervick energy gel c/cafeina frutos rojos x 40 grs,1020.25
826,mervick energy gel c/cafeina limon x 40 grs,1020.25
824,mervick energy gel c/cafeina manzana x 40 grs,1020.25
827,mervick energy gel c/cafeina naranja x 40 grs,1020.25
1972,MERVICK ENERGY GEL CAF 100mg CARAMELO SALADO 12 UNIDADES,14079.49
1976,mervick energy gel caf 100mg caramelo salado x 40grs,0.0
1975,MERVICK ENERGY GEL CAF 100mg FRUTOS ROJOS 12 UNIDADES,14079.49
1979,mervick energy gel caf 100mg frutos rojos x 40grs,0.0
1973,MERVICK ENERGY GEL CAF 100mg MANI SALADO 12 UNIDADES,14079.49
1977,mervick energy gel caf 100mg mani salado x 40grs,0.0
1974,MERVICK ENERGY GEL CAF 100mg NARANJA 12 UNIDADES,14079.49
1978,mervick energy gel caf 100mg naranja x 40grs,0.0
757,MERVICK ENERGY GEL CON CAFEINA 12 SOBRES FRUTOS ROJOS,12243.03
759,MERVICK ENERGY GEL CON CAFEINA 12 SOBRES LIMON,12243.03
756,MERVICK ENERGY GEL CON CAFEINA 12 SOBRES MANZANA,12243.03
758,MERVICK ENERGY GEL CON CAFEINA 12 SOBRES NARANJA,12243.03
863,mervick low carb preotein bar 46 grs chocolate coffe,1609.13
864,mervick low carb preotein bar 46 grs frutos rojos,1609.13
852,MERVICK LOW CARB PROTEIN BAR CHOCOLATE COFFE 12 UNIDADES,19309.56
851,MERVICK LOW CARB PROTEIN BAR FRUTOS ROJOS 12 UNIDADES,19309.56
856,MERVICK PROTEIN BAR 46 GRS BANANA 12 UNIDADES,15792.88
853,MERVICK PROTEIN BAR 46 GRS DARK CHOCOLATE 12 UNIDADES,15792.88
854,MERVICK PROTEIN BAR 46 GRS FRUTOS ROJOS 12 UNIDADES,15792.88
855,MERVICK PROTEIN BAR 46 GRS LEMON PIE 12 UNIDADES,15792.88
196,MERVICK PROTEIN BAR 65 GRS BANANA 12 Unidades,20551.09
197,MERVICK PROTEIN BAR 65 GRS CHOCOLATE 12 Unidades,20551.09
195,MERVICK PROTEIN BAR 65 GRS FRAMBUESA 12 Unidades,20551.09
194,MERVICK PROTEIN BAR 65 GRS LIMON 12 Unidades,20551.09
760,MERVICK RACE GEL 12 SOBRES FRUTOS ROJOS,11732.91
763,MERVICK RACE GEL 12 SOBRES LIMON,11732.91
761,MERVICK RACE GEL 12 SOBRES MANZANA,11732.91
762,MERVICK RACE GEL 12 SOBRES NARANJA,11732.91
829,mervick race gel frutos rojos x 40 grs,977.74
830,mervick race gel limon x 40 grs,977.74
828,mervick race gel manzana x 40 grs,977.74
831,mervick race gel naranja x 40 grs,977.74
198,MERVICK SHAKER 3 FUNCIONES,5866.45
834,mervick whey protein bar banana x 65 grs,1712.59
835,mervick whey protein bar chocolate x 65 grs,1712.59
833,mervick whey protein bar frambuesa x 65 grs,1712.59
832,mervick whey protein bar limon x 65 grs,1712.59
861,mervick whey protein bar x 46 grs banana,1316.07
862,mervick whey protein bar x 46 grs dark chocolate,1316.07
860,mervick whey protein bar x 46 grs frutos rojos,1316.07
859,mervick whey protein bar x 46 grs lemon pie,1316.07
166,MERVICK WHEY PROTEIN CHOCOLATE 2 LBS,54308.06
168,MERVICK WHEY PROTEIN FRUTILLA 2 LBS,54308.06
1320,MERVICK WHEY PROTEIN PRO PERFORMANCE CHOCOLATE 2 LBS,52425.06
1318,MERVICK WHEY PROTEIN PRO PERFORMANCE FRUTILLA 2 LBS,52425.06
1319,MERVICK WHEY PROTEIN PRO PERFORMANCE VAINILLA 2 LBS,52425.06
1315,MERVICK WHEY PROTEIN REAL BLEND concentrate + hydrolized CHOCOLATE 2 LBS,57658.96
1317,MERVICK WHEY PROTEIN REAL BLEND concentrate + hydrolized FRUTOS ROJOS 2 LBS,57658.96
1316,MERVICK WHEY PROTEIN REAL BLEND concentrate + hydrolized VAINILLA 2 LBS,57658.96
167,MERVICK WHEY PROTEIN VAINILLA 2 LBS,54308.06
1622,MR TASTE ADEREZO ZERO CALORIAS BARBECUE 350 GRS,9250.0
1621,MR TASTE ADEREZO ZERO CALORIAS KETCHUP 350 GRS,9250.0
1939,MR TASTE ADEREZO ZERO CALORIAS MAYONESA 350 GRS,8820.0
1938,MR TASTE ADEREZO ZERO CALORIAS MOSTAZA 350 GRS,8820.0
1623,MR TASTE ADEREZO ZERO CALORIAS TOP TASTE 320 GRS,9250.0
1625,MR TASTE MAPLE FREE 280 GRS,10662.5
1624,MR TASTE MIEL FREE 280 GRS,10662.5
1620,MR TASTE SALSA DULCE SABOR BLUEBERRY 335 GRS,9250.0
1616,MR TASTE SALSA DULCE SABOR CARAMELO 335 GRS,9250.0
1619,MR TASTE SALSA DULCE SABOR CHOCOLATE 335 GRS,9250.0
1617,MR TASTE SALSA DULCE SABOR CHOCOLATE CON AVELLANA 335 GRS,9250.0
1701,MR TASTE SALSA DULCE SABOR DULCE DE LECHE 335 GRS,9250.0
1618,MR TASTE SALSA DULCE SABOR FRUTILLA 335 GRS,9250.0
493,MUSCLETECH 100% CREATINE NINGUNO 400Grs,47257.58
492,MUSCLETECH 100% GLUTAMINE NINGUNO 302Grs,35092.01
481,MUSCLETECH AMINO BUILD NEXT GEN FRUIT PUNCH 284 grs,0.0
491,MUSCLETECH BCAA PLATINUM 8:1:1 NINGUNO 200 SERVICIOS,0.0
488,MUSCLETECH CELL TECH FRUIT PUNCH 3 Lbs,51933.19
489,MUSCLETECH CELL TECH GRAPES 3 Lbs,51933.19
490,MUSCLETECH CELL TECH ORANGE 3 Lbs,51933.19
779,MUSCLETECH HYDROXYCUTS HARDCORE ELITE 110 CAPS,39753.5
482,MUSCLETECH NITRO TECH 100% WHEY GOLD BONUS CHOCOLATE 2Lb,74133.94
485,MUSCLETECH NITRO TECH 100% WHEY GOLD BONUS DULCE DE LECHE 2Lb,74133.94
484,MUSCLETECH NITRO TECH 100% WHEY GOLD BONUS STRAWBERRY 2Lb,74133.94
483,MUSCLETECH NITRO TECH 100% WHEY GOLD BONUS VAINILLA 2Lb,74133.94
1422,MUSCLETECH NITRO TECH CHOCOLATE 2 LBS,74133.94
1420,MUSCLETECH NITRO TECH CHOCOLATE 4 LBS,112020.98
486,MUSCLETECH NITRO TECH ISOLATE WHEY GOLD BONUS CHOCOLATE 2 Lbs,67406.44
487,MUSCLETECH NITRO TECH ISOLATE WHEY GOLD BONUS VAINILLA 2 Lbs,67406.44
1421,MUSCLETECH NITRO TECH VAINILLA 2 LBS,74133.94
1419,MUSCLETECH NITRO TECH VAINILLA 4 LBS,112020.98
1819,MYPROTEIN CLA 1000MG X 60 SOFTGEL,13385.25
1814,MYPROTEIN CLEAR WHEY PROTEIN FRUTILLA-KIWI 500 GRS,79177.5
1815,MYPROTEIN CLEAR WHEY PROTEIN MOJITO 500 GRS,79177.5
1816,MYPROTEIN CLEAR WHEY PROTEIN PEACH TEA 500 GRS,79177.5
1714,MYPROTEIN DAILY MULTIVITAMIN x 60 TABS,9741.6
1817,MYPROTEIN IMPACT BCAA 2:1:1 250 GRS,22558.5
1713,MYPROTEIN IMPACT CREATINE x 250 GRS,17388.0
1810,MYPROTEIN IMPACT WHEY PROTEIN CHOCOLATE 1KG,80453.25
1813,MYPROTEIN IMPACT WHEY PROTEIN COOKIES & CREAM 1KG,80453.25
1811,MYPROTEIN IMPACT WHEY PROTEIN SIN SABOR 1KG,80453.25
1812,MYPROTEIN IMPACT WHEY PROTEIN VAINILLA 1KG,80453.25
1820,MYPROTEIN OMEGA 369 1000MG X 120 SOFTGEL,15997.5
1818,MYPROTEIN TRIBULUS PRO 90 CAPS,13385.25
1821,MYPROTEIN VITAMIN D3 X 180 SOFTGEL,10732.5
1822,MYPROTEIN VITAMINS ZINC & MAGNESIUM 800MG X 90 CAPS,13385.25
57,NATULIV MAGNESIO PLUS 30 CAPSULAS,5212.94
60,NATULIV TRIPLE ESCUDO 30 COMPRIMIDOS,5418.99
782,NATULIV VITAMINA C 15 SOBRES,0.0
58,NATULIV VITAMINA C 30 COMPRIMIDOS,5183.01
59,NATULIV VITAMINA D 30 COMPRIMIDOS,5065.02
1719,NATURE'S BOUNTY FISH OIL x 60 CAPS,0.0
1937,NUTRACORE ASHWAGANDHA 12500MG X 90 CAPS,0.0
1956,NUTRACORE DHEA X 90 CAPS,0.0
1936,NUTRACORE NAD+ X 90 CAPS,0.0
1955,NUTRACORE TRIBULUS TERRESTRIS X 90 CAPS,0.0
929,NUTREMAX AMINO 6400 200 COMP VAINILLA SIN TACC,19846.46
933,NUTREMAX AMINO PRO 250 GRS CITRUS SIN TACC,18371.16
922,NUTREMAX CAFFEINE 200 MG SIN TACC,8959.74
923,NUTREMAX CAFFEINE BOOSTER 200 MG SIN TACC,11035.34
946,NUTREMAX CARAMAÑOLA NX 500 CC NARANJA,6150.59
947,NUTREMAX CARAMAÑOLA NX 500 CC NEGRA,6150.59
948,NUTREMAX CARAMAÑOLA NX 750 CC NARANJA,6870.78
992,NUTREMAX CARNITINA 600 90 CAPS,13762.11
939,NUTREMAX COLLAGEN BD 240 GRS POMELO ROSADO SIN TACC,15430.73
927,NUTREMAX CREATINA MICRONIZADA 200 GRS SIN TACC,14606.59
1919,NUTREMAX CREATINA MICRONIZADA 300 GRS DOYPACK SIN TACC,17719.99
1789,NUTREMAX ENDURANCE GEL X 12 UN CARAMEL MACCHIATO,19368.26
1787,NUTREMAX ENDURANCE GEL X 12 UN CEREZA/LIMA,19368.26
1788,NUTREMAX ENDURANCE GEL X 12 UN CHOCOLATE,19368.26
1792,nutremax endurance gel x 33 grs caramel macchiato,0.0
1790,nutremax endurance gel x 33 grs cereza/lima,0.0
1791,nutremax endurance gel x 33 grs chocolate,0.0
1783,NUTREMAX ENERGY GEL S/CAF X 12 UN FRUTILLA/NARANJA,13894.38
1782,NUTREMAX ENERGY GEL S/CAF X 12 UN LIMON,13894.38
1781,NUTREMAX ENERGY GEL S/CAF X 12 UN SIN SABOR,13894.38
1786,nutremax energy gel s/caf x 33 grs frutilla/naranja,0.0
1785,nutremax energy gel s/caf x 33 grs limon,0.0
1784,nutremax energy gel s/caf x 33 grs sin sabor,0.0
1074,NUTREMAX ENERGY GEL X 12 UN CARAMELO SALADO,13894.38
1075,NUTREMAX ENERGY GEL X 12 UN NARANJA,13894.38
1076,NUTREMAX ENERGY GEL X 12 UN TRIBERRY,13894.38
1077,nutremax energy gel x 33 grs caramelo salado,0.0
1078,nutremax energy gel x 33 grs naranja,0.0
1079,nutremax energy gel x 33 grs triberry,0.0
944,NUTREMAX ESCULTOR 1500 GRS CHOCOLATE SIN TACC,45547.25
943,NUTREMAX ESCULTOR 1500 GRS VAINILLA SIN TACC,45547.25
945,NUTREMAX ESCULTOR 1500 GRS YOGUR DE FRUTILLA SIN TACC,45547.25
926,NUTREMAX EXTREME ENERGY 20 SOBRES NARANJA SIN TACC,12388.55
1916,NUTREMAX EXTREME ENERGY 800 GRS DOYPACK NARANJA SIN TACC,13344.95
940,NUTREMAX FLEXO DRINK 400 GRS POMELO ROSADO SIN TACC,25411.91
928,NUTREMAX GLUTAMINA 200 GRS SIN TACC,15654.57
920,NUTREMAX HYDROMAX SPORT DRINK 20 SOBRES NARANJA SIN TACC,10567.32
919,NUTREMAX HYDROMAX SPORT DRINK 20 SOBRES POMELO ROSADO SIN TACC,10567.32
1886,NUTREMAX HYDROMAX SPORT DRINK DOYPACK 1320 GRS MANZANA SIN TACC,14596.42
1887,NUTREMAX HYDROMAX SPORT DRINK DOYPACK 1320 GRS NARANJA SIN TACC,14596.42
1888,NUTREMAX HYDROMAX SPORT DRINK DOYPACK 1320 GRS POMELO SIN TACC,14596.42
1889,NUTREMAX HYDROMAX SPORT DRINK DOYPACK 660 GRS MANZANA SIN TACC,9885.62
1890,NUTREMAX HYDROMAX SPORT DRINK DOYPACK 660 GRS NARANJA SIN TACC,9885.62
1891,NUTREMAX HYDROMAX SPORT DRINK DOYPACK 660 GRS POMELO SIN TACC,9885.62
942,NUTREMAX LIPOZERO 60 CAPS SIN TACC,13874.03
932,NUTREMAX NOX 3000 60 COMP,18432.2
934,NUTREMAX PRE WORK 240 GRS LIMONADA SIN TACC,20701.12
921,NUTREMAX PROSALTS 60 CAPS NEUTRO SIN TACC,8227.18
953,NUTREMAX RECOVERY DRINK 10 SOBRES NARANJA SIN TACC,19846.46
951,NUTREMAX RECOVERY DRINK 1500 GRS ANANA SIN TACC,28454.09
950,NUTREMAX RECOVERY DRINK 540 GRS ANANA SIN TACC,13996.12
1918,NUTREMAX RECOVERY DRINK 900 GRS DOYPACK ANANA SIN TACC,22868.29
1917,NUTREMAX RECOVERY DRINK 900 GRS DOYPACK NARANJA SIN TACC,22868.29
954,NUTREMAX SHAKER NX 750 CC CRISTAL TAPA NEGRA,17180.94
955,NUTREMAX SHAKER NX 750 CC NEGRO Y NARANJA,17180.94
956,NUTREMAX SHAKER NX 750 CC ROSA T/BLANCA,17180.94
974,nutremax sobre extreme energy x 40 grs naranja sin tacc,0.0
972,nutremax sobre hydromax sport drink x 33 grs naranja sin tacc,0.0
971,nutremax sobre hydromax sport drink x 33 grs pomelo rosado sin tacc,0.0
975,nutremax sobre recovery drink x 60 grs naranja sin tacc,0.0
973,nutremax sobre sport fuel x 84 grs limon sin tacc,1796.42
924,NUTREMAX SPORT FUEL 10 SOBRES LIMON SIN TACC,17964.18
1896,NUTREMAX SPORT FUEL DOYPACK 1260 GRS LIMON,19999.08
936,NUTREMAX WHEY PROTEIN 1 KG CHOCOLATE SIN TACC,48019.65
937,NUTREMAX WHEY PROTEIN 1 KG FRUTILLA SIN TACC,48019.65
935,NUTREMAX WHEY PROTEIN 1 KG VAINILLA SIN TACC,48019.65
1921,NUTREMAX WHEY PROTEIN DOYPACK 2 LBS CHOCOLATE SIN TACC,54958.66
1922,NUTREMAX WHEY PROTEIN DOYPACK 2 LBS FRUTILLA SIN TACC,54958.66
1920,NUTREMAX WHEY PROTEIN DOYPACK 2 LBS VAINILLA SIN TACC,54958.66
510,NUTREX BCAA 6000 FRUIT PUNCH 255 GRS,34862.5
511,NUTREX BCAA 6000 WATERMELON 255 GRS,34862.5
508,NUTREX CARNITINA NINGUNO 60 CAPS,34862.5
507,NUTREX CLA NINGUNO 90 CAPS,34862.5
506,NUTREX CREATINE MONOHYDRATE 300 GRS,29767.5
509,NUTREX GLUTAMINA DRIVE NINGUNO 300 GRS,34862.5
504,NUTREX LIPO 6 BLACK TRAINING BLUE RAZZ 30 Servicios,43531.25
505,NUTREX LIPO 6 BLACK TRAINING WILD GRAPE 30 Servicios,43531.25
501,NUTREX lipo 6 Black uc sin yohimbina NINGUNO 60 caps,41797.5
503,NUTREX LIPO 6 HARDCORE X 60 CAPS NINGUNO 60 CAPS,43531.25
502,NUTREX lipo 6 Hers sin yohimbina NINGUNO 60 cap,41797.5
1903,NUTREX TRIBULUS 1400MG x 90 CAPS,0.0
1006,OPTIMUM 100% WHEY GOLD CHOCOLATE 1.5 LBS,72993.75
839,OPTIMUM 100% WHEY GOLD ISOLATE CHOCOLATE BLISS X 1.64 LBS,114862.5
840,OPTIMUM 100% WHEY GOLD ISOLATE RICH VAINILLA X 1.58 LBS,114862.5
1275,"OPTIMUM 100% WHEY GOLD X 1,5 LBS STRAWBERRY CREAM",72993.75
1274,"OPTIMUM 100% WHEY GOLD X 1,5 LBS VAINILLA",72993.75
1726,OPTIMUM 100% WHEY GOLD x 310 Grs (10 servicios) CHOCOLATE,49837.5
1725,OPTIMUM 100% WHEY GOLD x 310 Grs (10 servicios) VAINILLA,49837.5
462,OPTIMUM AMINO ENERGY X 30 SERVICIOS FRUIT FUSION 270gms,51075.0
463,OPTIMUM AMINO ENERGY X 30 SERVICIOS GRAPES 270gms,51075.0
464,OPTIMUM AMINO ENERGY X 30 SERVICIOS PINEAPPLE 270gms,51075.0
465,OPTIMUM AMINO ENERGY X 30 SERVICIOS WATERMELON 270gms,51075.0
469,OPTIMUM GLUTAMINE POWDER NINGUNO 300 Gms,39543.75
450,OPTIMUM GOLD STANDARD 100% WHEY CAPUCHINO 2 Lbs,103875.0
449,OPTIMUM GOLD STANDARD 100% WHEY CHOCOLATE 2 Lbs,103875.0
453,OPTIMUM GOLD STANDARD 100% WHEY CHOCOLATE 5 Lbs,223462.5
448,OPTIMUM GOLD STANDARD 100% WHEY COOKIES 2 Lbs,103875.0
454,OPTIMUM GOLD STANDARD 100% WHEY COOKIES 5 Lbs,223462.5
447,OPTIMUM GOLD STANDARD 100% WHEY STRAWBERRY 2 Lbs,103875.0
452,OPTIMUM GOLD STANDARD 100% WHEY STRAWBERRY 5 Lbs,223462.5
446,OPTIMUM GOLD STANDARD 100% WHEY VAINILLA 2 Lbs,103875.0
451,OPTIMUM GOLD STANDARD 100% WHEY VAINILLA 5 Lbs,223462.5
1276,OPTIMUM GOLD STD 100% PRE-WORKOUT BLUEBERRY LIMONADE 300 GRS,38025.0
836,OPTIMUM GOLD STD 100% PRE-WORKOUT FRUIT PUNCH 300 GRS,38025.0
470,OPTIMUM INSTANTIZED BCAA POWDER SIN SABOR 300 GMS NINGUNO 300 Gms,0.0
466,OPTIMUM MICRONIZED BCAA 5000 POWDER X 380 GR NINGUNO 380 GR,86662.5
467,OPTIMUM MICRONIZED CREATINE POWDER X 300 GR,29562.0
1932,OPTIMUM OPTI-MEN X 150 TABS,67785.5
1931,OPTIMUM OPTI-MEN X 90 CAPS,48805.5
838,"OPTIMUM PLATINUM HYDRO WHEY X 1,75 LBS - TURBO CHOCOLATE",119512.5
837,"OPTIMUM PLATINUM HYDRO WHEY X 1,75 LBS - VELOCITY VAINILLA",119512.5
460,OPTIMUM SERIOUS MASS CHOCOLATE 12 Lbs,173962.5
458,OPTIMUM SERIOUS MASS CHOCOLATE 6 Lbs,95006.25
461,OPTIMUM SERIOUS MASS VAINILLA 12 Lbs,173962.5
459,OPTIMUM SERIOUS MASS VAINILLA 6 Lbs,95006.25
1730,optimum sparkling amino energy x 1 lata blue lemon,0.0
1729,optimum sparkling amino energy x 1 lata strawberry,0.0
1728,OPTIMUM SPARKLING AMINO ENERGY x 12 Oz (12 latas) BLUE LEMON,36862.5
1727,OPTIMUM SPARKLING AMINO ENERGY x 12 Oz (12 latas) STRAWBERRY,36862.5
1721,OPTIMUM WHEY GOURMET CHOCOLATE 2 LBS,66375.0
1723,OPTIMUM WHEY GOURMET CHOCOLATE BLANCO 2 LBS,66375.0
1724,OPTIMUM WHEY GOURMET COOKIES & CREAM 2 LBS,66375.0
1722,OPTIMUM WHEY GOURMET VAINILLA 2 LBS,66375.0
1423,OPTION NATURE DHEA 50MG,0.0
1049,OPTION NATURE TRIBULUS X 120 COMP,0.0
412,OTROS ABS OF STEEL 3.4 OZ,0.0
415,OTROS BODYTAN CREMA,0.0
414,OTROS BODYTAN SPRAY,0.0
413,OTROS BUNS OF STEEL 3.4 OZ,0.0
710,OTROS FINISH TOUCH (aceite ultra ligero de competicion) 120 ml,0.0
1474,OTROS Hell fire innovative 90 caps,0.0
1476,OTROS Lipodrene 100 tabs,0.0
1475,OTROS Lipodrene hardcore 90 comp,0.0
411,OTROS PRO TAN OVERINGHT COMPETITION COLOR W/APPLI 8.5 OZ,75400.0
1715,OTROS SHAKER GENERICO NEGRO LISO 600 CC,3092.0
708,OTROS ULTRA SHINE 200 ml CHOCOLATE,0.0
709,OTROS ULTRA SHINE 200 ml COCO,0.0
706,OTROS ULTRA SHINE 50 ml CHOCOLATE,0.0
707,OTROS ULTRA SHINE 50 ml COCO,0.0
1417,PROTEIN PROJECT COLLAGEN PEPTIDES  2LB - LEMON,27968.1138
1001,PROTEIN PROJECT COLLAGEN X 2 LBS VAINILLA,47165.46
999,PROTEIN PROJECT CREATINE X 200 GRS,23360.98
1000,PROTEIN PROJECT VEGAN PEA ISOLATE X 2 LBS,41609.2
957,PROTEIN PROJECT WHEY PROTEIN CONCENTRATE 2 LB CHOCOLATE,44514.25
968,PROTEIN PROJECT WHEY PROTEIN CONCENTRATE 2 LB VAINILLA,44514.25
969,PROTEIN PROJECT WHEY PROTEIN ISOLATE 2 LB CHOCOLATE,85227.25
970,PROTEIN PROJECT WHEY PROTEIN ISOLATE 2 LB VAINILLA,85227.25
1945,GRANGER NUTRICION PROTEINA DE HUEVO SABOR VAINILLA 453 GRS,27495.0
907,QUEMADORES IMPORTADOS BLACK MAMBA X 90 CAPS,0.0
908,QUEMADORES IMPORTADOS LIPO 6 U.C (C/YOHIM) X 60 CAPS,0.0
1188,"SCOOP 5,5 GRS X UN",0.0
1885,SSALMOS GUANTE HOMBRE TALLE UNICO,0.0
1884,SSALMOS GUANTE MUJER TALLE UNICO,0.0
1947,SSALMOS GUANTE UNISEX TALLE UNICO,18000.0
741,STAR NUTRITION ALL-IN-ONE VITAMIN 60 COMP,17472.63
2002,STAR NUTRITION ALL-IN-ONE VITAMIN 60 COMP (OFERTA 2x1),27990.0
342,STAR NUTRITION BCAA 2000 120 Caps,14620.06
278,STAR NUTRITION BETA ALANINA 300 grs,22809.68
742,STAR NUTRITION CAFFEINE 200 30 CAPS,6837.95
262,STAR NUTRITION CLA 1000 90 CAPS,19838.81
1650,STAR NUTRITION COLLAGEN FRUTOS ROJOS 210 GRS,15658.55
740,STAR NUTRITION COLLAGEN LIMON 210 GRS,15658.55
1309,STAR NUTRITION COLLAGEN PLUS SABOR LIMON 360 GRS,18589.99
1310,STAR NUTRITION COLLAGEN SPORT SABOR NARANJA 360 GRS,18589.99
996,STAR NUTRITION COLLAGEN WHEY X 2 LBS CHOCOLATE,48259.47
997,STAR NUTRITION COLLAGEN WHEY X 2 LBS VAINILLA,48259.47
339,STAR NUTRITION CREATINA MONOHIDRATO EEUU  1 Kg,76995.62
338,STAR NUTRITION CREATINA MONOHIDRATO EEUU  300 Grs,28167.92
658,STAR NUTRITION CREATINA MONOHIDRATO EEUU 150 GRS,14794.03
1182,STAR NUTRITION CREATINA MONOHIDRATO EEUU 500 GRS,42480.34
1915,STAR NUTRITION DOYPACK CREATINA MONOHIDRATO SABOR FRUIT PUNCH X 300 GRS,25438.81
884,STAR NUTRITION DOYPACK CREATINA MONOHIDRATO SIN SABOR X 300 GRS,25438.81
657,STAR NUTRITION ESSENTIAL AMINO X 360G LIMON,30723.24
329,STAR NUTRITION HMB 180 CAPS,22980.57
345,STAR NUTRITION Hydroplus ENDURANCE BLUE RAZZ 700 Grs,15014.43
343,STAR NUTRITION Hydroplus ENDURANCE LIMA LIMON 700 Grs,15014.43
308,STAR NUTRITION JUST CARBS 1 KG,14593.77
279,STAR NUTRITION JUST PLANT 2 LBS,36638.49
295,STAR NUTRITION JUST WHEY SIN SABOR 2 LBS,65022.59
340,STAR NUTRITION L - ARGININA GH 150 GRS,14317.72
324,STAR NUTRITION L-CARNITINE 60 COMP,11425.72
264,STAR NUTRITION L-CITRULINE MALATE (42 SERV) 300 GRS,48232.99
1264,STAR NUTRITION L-GLUTAMINE 150 GRS,15724.28
341,STAR NUTRITION L-GLUTAMINE 300 GRS,26069.75
892,STAR NUTRITION MAGNESIO 500 60 CAPS,12805.99
1307,STAR NUTRITION MAGNESIO NEUTRO 500 GRS,25570.23
1308,STAR NUTRITION MAGNESIO SABOR FRUTOS ROJOS 500 GRS,25570.23
333,STAR NUTRITION MTOR BCAA FRUIT PUNCH 270 Grs,25175.86
332,STAR NUTRITION MTOR BCAA GREEN LEMON 270 Grs,25175.86
655,STAR NUTRITION MTOR BCAA STRAWBERRY LEMON 270 Grs,25175.86
311,"STAR NUTRITION MutantMass CHOCOLATE 1,5 Kgs",42326.22
316,STAR NUTRITION MutantMass CHOCOLATE 5 Kgs,114916.41
312,"STAR NUTRITION MutantMass COOKIES 1,5 Kgs",42326.22
317,STAR NUTRITION MutantMass COOKIES 5 Kgs,114916.41
310,"STAR NUTRITION MutantMass FRUTILLA 1,5 Kgs",42326.22
315,STAR NUTRITION MutantMass FRUTILLA 5 Kgs,114916.41
309,"STAR NUTRITION MutantMass VAINILLA 1,5 Kgs",42326.22
314,STAR NUTRITION MutantMass VAINILLA 5 Kgs,114916.41
292,STAR NUTRITION Nitro Whey CHOCOLATE 2 lb,67627.76
291,STAR NUTRITION Nitro Whey FRUTAS 2 lb,67627.76
290,STAR NUTRITION Nitro Whey VAINILLA 2 lb,67627.76
263,STAR NUTRITION OMEGA 3 FISH OIL 60 CAPS,27923.26
281,STAR NUTRITION PLATINUM WHEY ISOLATE CHOCOLATE 2 LBS,93911.35
280,STAR NUTRITION PLATINUM WHEY ISOLATE VAINILLA 2 LBS,93911.35
302,STAR NUTRITION Platinum Whey Protein BANANA 2 lb,64681.6
307,STAR NUTRITION Platinum Whey Protein BANANA 3 Kgs,189511.62
300,STAR NUTRITION Platinum Whey Protein CHOCOLATE 2 lb,64681.6
305,STAR NUTRITION Platinum Whey Protein CHOCOLATE 3 Kgs,189511.62
301,STAR NUTRITION Platinum Whey Protein COOKIES 2 lb,64681.6
306,STAR NUTRITION Platinum Whey Protein COOKIES 3 Kgs,189511.62
299,STAR NUTRITION Platinum Whey Protein FRUTILLA 2 lb,64681.6
304,STAR NUTRITION Platinum Whey Protein FRUTILLA 3 Kgs,189511.62
298,STAR NUTRITION Platinum Whey Protein VAINILLA 2 lb,64681.6
303,STAR NUTRITION Platinum Whey Protein VAINILLA 3 Kgs,189511.62
276,STAR NUTRITION PUMP 3D EVOLUTION RIPPED LEMON 315 grs,32524.17
277,STAR NUTRITION PUMP 3D EVOLUTION RIPPED STRAWBERRY LEMON 315 grs,32524.17
272,STAR NUTRITION PUMP V8 ACAI 285 grs,27305.43
274,STAR NUTRITION PUMP V8 GRAPE 285 grs,27305.43
273,STAR NUTRITION PUMP V8 LIMA LIMON 285 grs,27305.43
275,STAR NUTRITION PUMP V8 WATERMELON 285 grs,27305.43
265,"STAR NUTRITION Resveratrol 500 (antioxidante, vasodilatador) 60 CAPS",17656.66
663,STAR NUTRITION RIPPED V8 60 CAPS,16263.24
788,STAR NUTRITION SHAKER CORTO 2023,6351.57
349,STAR NUTRITION Shaker GOT PROTEIN BLENDER,6351.57
348,STAR NUTRITION Shaker PUMP V8,6351.57
322,STAR NUTRITION Thermo Fuel 120 Caps,17959.01
269,STAR NUTRITION TNT dynamite explosive energy ACAI 240 grs,20548.66
268,STAR NUTRITION TNT dynamite explosive energy BLUE RAZZ 240 grs,20548.66
267,STAR NUTRITION TNT dynamite explosive energy CITRUS 240 grs,20548.66
266,STAR NUTRITION TNT dynamite explosive energy GRAPE 240 grs,20548.66
998,STAR NUTRITION VITAMINA C 60 CAPS,6877.39
1698,STAR NUTRITION VITAMINAS K2D3 60 CAPS,19036.94
668,STAR NUTRITION Whey Protein DOYPACK BANANA 2 LBS,60262.35
297,STAR NUTRITION Whey Protein DOYPACK CHOCOLATE 2 lb,60262.35
667,STAR NUTRITION Whey Protein DOYPACK COOKIES 2 LBS,60262.35
666,STAR NUTRITION Whey Protein DOYPACK FRUTILLA 2 LBS,60262.35
296,STAR NUTRITION Whey Protein DOYPACK VAINILLA 2 lb,60262.35
328,STAR NUTRITION ZMA 90 caps,13476.41
1530,TESTROL GOLD 60 TABS,0.0
1707,TRIBULUS MENS HEALTH 1000MG x 90 CAPS,0.0
1700,TRIBULUS OPTIMUN NUTRITION 625MG x 100 CAPS,0.0
478,ULTIMATE NUTRITION BCAA 12000 FRUIT PUNCH 457 gms,0.0
480,ULTIMATE NUTRITION BCAA 12000 GRAPES 457 gms,0.0
479,ULTIMATE NUTRITION BCAA 12000 WATERMELON 457 gms,0.0
474,"ULTIMATE NUTRITION CARNEBOLIC X 60 SERV. FRUIT PUNCH 1,85 lbs",60868.75
473,"ULTIMATE NUTRITION CARNEBOLIC X 60 SERV. LIMONADE 1,85 lbs",60868.75
475,"ULTIMATE NUTRITION CARNEBOLIC X 60 SERV. ORANGE 1,85 lbs",60868.75
476,ULTIMATE NUTRITION CREATINE NINGUNO 300 grs,26193.75
477,ULTIMATE NUTRITION GLUTAPURE NINGUNO 400 grs,0.0
1958,ULTIMATE NUTRITION OMEGA 3 1000 mg 90 CAPS,34862.5
471,ULTIMATE NUTRITION PROSTAR 100 % WHEY PROTEIN CHOCOLATE 2 Lbs,75085.5
1959,ULTIMATE NUTRITION PROSTAR 100 % WHEY PROTEIN FRUTILLA 2 Lbs,75085.5
472,ULTIMATE NUTRITION PROSTAR 100 % WHEY PROTEIN VAINILLA 2 Lbs,75085.5
1984,ULTIMATE NUTRITION SHAKER NEGRO 600 ML,5520.0
513,UNIVERSAL 100% BEEF AMINOS 200 tabs,52200.0
512,UNIVERSAL AMINO 1900 110 tabs,60868.75
1599,UNIVERSAL ANIMAL ADVANCED CUTS X 42 PACKS,81753.0
773,UNIVERSAL ANIMAL CUTS POWDER 265 GRS ORANGE MANGO,52200.0
772,UNIVERSAL ANIMAL JUICED AMINOS (30 SERVICIOS) 348 GRS PEACH MANGO,48732.5
771,UNIVERSAL ANIMAL JUICED AMINOS (30 SERVICIOS) 348 GRS STRAWBERRY LIMEADE,48732.5
526,UNIVERSAL Animal Pak Powder x 383 GRS (44 SERV) orange ORANGE 383 GRS,86875.0
525,UNIVERSAL Animal Pak x 44 Packs,112881.25
1535,UNIVERSAL Animal Stak x 21 Packs,125017.5
535,UNIVERSAL Animal Whey CHOCOLATE 2 Lbs,74738.75
537,UNIVERSAL Animal Whey CHOCOLATE 4 Lbs,133686.25
534,UNIVERSAL Animal Whey VAINILLA 2 Lbs,74738.75
536,UNIVERSAL Animal Whey VAINILLA 4 Lbs,133686.25
518,UNIVERSAL ATOMIC 7 BLACK CHERRY BOMB 386 grs,0.0
517,UNIVERSAL ATOMIC 7 GROOVY GRAPE 412 Grs,0.0
515,UNIVERSAL BCAA 2000 120 Caps.,0.0
514,UNIVERSAL BCAA PRO 100 Caps.,0.0
516,UNIVERSAL BCAA STACK NARANJA 250 Grs,0.0
1982,UNIVERSAL BOTELLA ANIMAL AMARILLA 700 ML,6210.0
1413,UNIVERSAL CREATINE ANIMAL 300 GRS,38330.0
523,UNIVERSAL Creatine Monohidrato x 200 + 200 Grs.,55667.5
524,UNIVERSAL Creatine Monohidrato x 300 Grs.,38330.0
520,UNIVERSAL DAILY FORMULA 100 Tabs.,27372.7
527,UNIVERSAL Fat burners ETS 100 Tabs.,0.0
522,UNIVERSAL FISH OIL 100 softgels,43531.25
538,UNIVERSAL GH Max 180 Tabs,73005.0
519,UNIVERSAL Glutamina Powder 300 Grs,38330.0
528,UNIVERSAL Ripped Fast 120 Caps.,0.0
1985,"UNIVERSAL SHAKER ANIMAL ""TITAN"" BLANCO 770 ML",15180.0
529,UNIVERSAL Super Cuts 3 130 Tabs.,0.0
531,UNIVERSAL Ultra Whey Pro CHOCOLATE 2 Lbs,46998.75
533,UNIVERSAL Ultra Whey Pro CHOCOLATE 5 Lbs,99011.25
530,UNIVERSAL Ultra Whey Pro VAINILLA 2 Lbs,46998.75
532,UNIVERSAL Ultra Whey Pro VAINILLA 5 Lbs,99011.25
521,UNIVERSAL UNI LIVER 250 tabs.,0.0
1930,UNREAL WATER AGUA CON CAFEINA Y ELECTROLITOS LATA X 473 ML,1937.0
641,WORLD NUTRITION BAR GROWSBAR 12 UNIDADES BANANA,16525.08
639,WORLD NUTRITION BAR GROWSBAR 12 UNIDADES CHOCOLATE,16525.08
642,WORLD NUTRITION BAR GROWSBAR 12 UNIDADES COCO,16525.08
885,WORLD NUTRITION BAR GROWSBAR 12 UNIDADES COOKIES & CREAM,16525.08
640,WORLD NUTRITION BAR GROWSBAR 12 UNIDADES FRUTILLA,16525.08
886,WORLD NUTRITION BAR GROWSBAR 12 UNIDADES MANI,16525.08
1549,WORLD NUTRITION BAR RECARGA GROWSBAR X 36 UN BANANA,45761.76
1550,WORLD NUTRITION BAR RECARGA GROWSBAR X 36 UN CHOCOLATE,45761.76
1551,WORLD NUTRITION BAR RECARGA GROWSBAR X 36 UN COCO,45761.76
1207,WORLD NUTRITION BAR RECARGA GROWSBAR X 36 UN COOKIES,45761.76
1552,WORLD NUTRITION BAR RECARGA GROWSBAR X 36 UN FRUTILLA,45761.76
1208,WORLD NUTRITION BAR RECARGA GROWSBAR X 36 UN MANÍ,45761.76
1480,WORLD NUTRITION BAR SHAKER FUME 500 ML,0.0
1881,WORLD NUTRITION BAR SHAKER NUEVO - NEGRO x 600 ML,4662.0
1880,WORLD NUTRITION BAR SHAKER NUEVO - TRANSPARENTE x 600 ML,4662.0
1479,WORLD NUTRITION BAR SHAKER TRANSPARANTE 500 ML,0.0
361,XTRENGHT ADVANCED WHEY PROTEIN BANANA 2 lbs,71542.59
358,XTRENGHT ADVANCED WHEY PROTEIN CHOCOLATE 2 lbs,71542.59
362,XTRENGHT ADVANCED WHEY PROTEIN COOKIES 2 lbs,71542.59
360,XTRENGHT ADVANCED WHEY PROTEIN FRUTILLA 2 lbs,71542.59
359,XTRENGHT ADVANCED WHEY PROTEIN VAINILLA 2 lbs,71542.59
372,XTRENGHT BCAA PRO 120 caps,13089.27
356,XTRENGHT BEST WHEY PROTEIN BANANA 2 lbs,54614.76
684,XTRENGHT BEST WHEY PROTEIN BANANA 3 KG,161967.95
353,XTRENGHT BEST WHEY PROTEIN CHOCOLATE 2 lbs,54614.76
350,XTRENGHT BEST WHEY PROTEIN CHOCOLATE 3 Kgs,161967.95
357,XTRENGHT BEST WHEY PROTEIN COOKIES 2 lbs,54614.76
355,XTRENGHT BEST WHEY PROTEIN FRUTILLA 2 lbs,54614.76
352,XTRENGHT BEST WHEY PROTEIN FRUTILLA 3 Kgs,161967.95
354,XTRENGHT BEST WHEY PROTEIN VAINILLA 2 lbs,54614.76
351,XTRENGHT BEST WHEY PROTEIN VAINILLA 3 Kgs,161967.95
376,XTRENGHT BETA ALANINE 180 caps,14258.83
374,XTRENGHT CREATINE 250 grs,21263.87
2003,XTRENGHT CREATINE 250 grs (OFERTA 2x1),31990.0
375,XTRENGHT CREATINE 500 grs,39478.21
377,XTRENGHT CUTTER 120 caps,11698.11
373,XTRENGHT GLUTAMINE 300 grs,27887.27
370,XTRENGHT HYDRO BCAA PRO x 30 SERV. BLUE RAZZ 360 grs,26145.24
369,XTRENGHT HYDRO BCAA PRO x 30 SERV. FRUIT PUNCH 360 grs,26145.24
378,XTRENGHT L-CARNITINE 90 caps,13003.09
365,"XTRENGHT NITROGAIN CHOCOLATE 1,5 Kgs",41367.97
363,XTRENGHT NITROGAIN CHOCOLATE 5 Kgs,91831.35
368,"XTRENGHT NITROGAIN COOKIES 1,5 Kgs",41367.97
367,"XTRENGHT NITROGAIN FRUTILLA 1,5 Kgs",41367.97
366,"XTRENGHT NITROGAIN VAINILLA 1,5 Kgs",41367.97
364,XTRENGHT NITROGAIN VAINILLA 5 Kgs,91831.35
371,XTRENGHT NITROX (OXIDO NITRICO) 180 caps,14184.96
1329,XTRENGHT NUEVOS SHAKER NEGROS 600 ML,5179.36
1330,XTRENGHT NUEVOS SHAKER VIOLETA 600 ML,5179.36
380,XTRENGHT SHAKER NEGRO 600 cc,4624.2
993,XTRENGHT SHAKER PRO VIOLETA,15531.8
379,XTRENGHT SHAKER VIOLETA 600 cc,4624.2
